접수번호,동물국문명,강,목,과,천연기념물,멸종위기등급,야생동물보호협약,구조일시,구조결과일자,구조결과,이첩 방생 위치,사체처리,동물성별,동물연령,구조위도,구조경도,구조고도,방생위도,방생경도,발견장소상세,발견주소,발견장소특징,발생원인,발생원인 세부사항,구조위도(TM구조위도),구조경도(TM구조경도),방생위도(TM방생위도),방생경도(TM방생경도),등록체중,현재체중,임상적최종진단
2019-0154,괭이갈매기,조강(Aves),도요목,갈매기과,해당없음,해당없음,해당없음,2019-03-20,2019-03-20,안락사,,기타,Unknown,Adult,36.533889,126.481778,4,,,남해수산 앞,충청남도 홍성군 서부면 남당리 160-159,건물옆,전선/건물과의 충돌,전선 충돌로 추정,36 32 02.0,126 28 54.4,,,386,386,우측 요척골 개방골절
2019-0490,알락도요,조강(Aves),도요목,도요과,해당없음,해당없음,해당없음,2019-05-17,2019-05-18,DOA,,기타,Unknown,Unknown,36.504694,126.625139,16,,,읍사무소 앞,충청남도 홍성군 광천읍 신진리 411-40,도로변,알 수 없는 사고,어딘가에 걸려 날개 죽지 피부가 찢어진 듯함,36 30 16.9,126 37 30.5,,,84,84,우측 어깻죽지 피부 광범위한 열상
2019-0392,멧비둘기,조강(Aves),비둘기목,비둘기과,해당없음,해당없음,해당없음,2019-05-09,2019-06-09,폐사,,기타,Unknown,Juvenile,36.601528,126.664333,31,,,톰스피자 가게,충청남도 홍성군 홍성읍 아문길29번길 51 (오관리),건물옆,어미를 잃음(미아),미아(재확인 필요),36 36 05.5,126 39 51.6,,,160,178,충돌 개체
2019-0810,멧비둘기,조강(Aves),비둘기목,비둘기과,해당없음,해당없음,해당없음,2019-06-19,2019-07-23,방생,충청남도 예산군 예산읍 주교리 488-7  ,,Unknown,Nestling,36.592861,126.664333,56,36.68204499,126.8204893,,충청남도 홍성군 홍성읍 남장리 108-3,도로변,어미를 잃음(미아),도로변에서 구조,36 35 34.3,126 39 51.6,36 40 58.4,126 49 13.8,60,142,미아
2019-0935,멧비둘기,조강(Aves),비둘기목,비둘기과,해당없음,해당없음,해당없음,2019-07-03,2019-08-14,방생,충청남도 예산군 대흥면 갈신리 1,,Unknown,Juvenile,36.599083,126.648139,51,36.66816249,126.8644697,음식점 건물 옆,충청남도 홍성군 홍성읍 월산리 840-2,건물옆,전선/건물과의 충돌,음식점 유리창에 충돌함,36 35 56.7,126 38 53.3,36 39 58.4,126 51 47.2,158,198,"충돌에 의한 내상 및 흉골 골절, 우측 metacarpophalangeal joint 탈구"
2019-1198,멧비둘기,조강(Aves),비둘기목,비둘기과,해당없음,해당없음,해당없음,2019-07-27,2019-07-27,폐사체,,기타,Unknown,Juvenile,36.635056,126.538611,34,,,도로 방음벽,충청남도 홍성군 갈산면 취생리 202-1,도로변,전선/건물과의 충돌,방음벽 충돌,36 38 06.2,126 32 19.0,,,0,0,방음벽 충돌
2019-1225,멧비둘기,조강(Aves),비둘기목,비둘기과,해당없음,해당없음,해당없음,2019-07-30,2019-08-22,방생,충청남도 예산군 예산읍 산성리 275-56,,Unknown,Juvenile,36.597889,126.662472,31,36.69222391,126.8230438,카센터 건물옆,충청남도 홍성군 홍성읍 문화로 117,건물옆,전선/건물과의 충돌,카센타 옆에서 발견. 날지 못하는 유조를 발견해 이틀간 길렀음.건물 충돌 추정,36 35 52.4,126 39 44.9,36 41 31.8,126 49 23.6,170,192,충돌에 의한 쇄골 및 흉골 골절
2019-1634,멧비둘기,조강(Aves),비둘기목,비둘기과,해당없음,해당없음,해당없음,2019-11-18,2020-01-21,방생,충청남도 예산군 오가면 신장리 970,,Unknown,Unknown,36.594667,126.653194,39,36.66374123,126.8121916,회관 맞은편 도로,충청남도 홍성군 홍성읍 옥암리 산 114-1,도로변,전선/건물과의 충돌,건물충돌 추정,36 35 40.8,126 39 11.5,36 39 51.9,126 48 42.0,240,210,우측 오훼골 골절
2019-1701,집비둘기,조강(Aves),비둘기목,비둘기과,해당없음,해당없음,해당없음,2019-12-05,2019-12-05,DOA,,기타,Unknown,Adult,36.593333,126.673389,38,,,주차장 부근,충청남도 홍성군 홍성읍 충절로953번길 20,건물옆,전선/건물과의 충돌,,36 35 36.0,126 40 24.2,,,202,208,우측 척골 팔꿈치머리 골절/우측 어깨관절 탈구
2019-0349,까치,조강(Aves),참새목,까마귀과,해당없음,해당없음,해당없음,2019-05-05,2019-05-15,방생,충청남도 아산시 염치읍 대동리 264-1 ,,Unknown,Juvenile,36.599861,126.650722,45,36.82550994,127.0329023,정수닭집 ,충청남도 홍성군 홍성읍 법원로 22 ,건물옆,인공구조물 침입·고립,인공구조물 고립,36 35 59.5,126 39 02.6,36 49 31.3,127 01 58.6,188,206,인공구조물에 고립된 미아 개체
2019-0359,까치,조강(Aves),참새목,까마귀과,해당없음,해당없음,해당없음,2019-05-06,2019-05-06,방생,충청남도 홍성군 홍성읍 대교리 443-33,,Unknown,Juvenile,36.6065,126.664028,37,36.60656455,126.6639616,,충청남도 홍성군 홍성읍 대교리 443-33,건물옆,어미를 잃음(미아),이소 과정에서 발견됨,36 36 23.4,126 39 50.5,36 36 23.4,126 39 50.6,0,0,이소 단계의 미아
2019-0370,까치,조강(Aves),참새목,까마귀과,해당없음,해당없음,해당없음,2019-05-07,2019-05-14,폐사,,기타,Unknown,Juvenile,36.599611,126.651306,44,,,파리바게트 옆,충청남도 홍성군 홍성읍 월산리 899,건물옆,"개, 고양이 공격",고양이 공격,36 35 58.6,126 39 04.7,,,118,100,고양이 공격을 받은 어린 개체
2019-0387,까치,조강(Aves),참새목,까마귀과,해당없음,해당없음,해당없음,2019-05-08,2019-05-09,안락사,,기타,Unknown,Juvenile,36.650417,126.671972,31,,,내포중학교 앞 화단,충청남도 홍성군 홍북읍 홍학로 41,건물옆,어미를 잃음(미아),미아,36 39 01.5,126 40 19.1,,,150,150,척추 골절
2019-1199,물까치,조강(Aves),참새목,까마귀과,해당없음,해당없음,해당없음,2019-07-27,2019-07-27,폐사체,,기타,Unknown,Unknown,36.635056,126.538611,34,,,도로 방음벽,충청남도 홍성군 갈산면 취생리 202-1,도로변,전선/건물과의 충돌,방음벽 충돌,36 38 06.2,126 32 19.0,,,0,0,방음벽 충돌
2019-1200,물까치,조강(Aves),참새목,까마귀과,해당없음,해당없음,해당없음,2019-07-27,2019-07-27,폐사체,,기타,Unknown,Unknown,36.635056,126.538611,34,,,도로 방음벽,충청남도 홍성군 갈산면 취생리 202-1,도로변,전선/건물과의 충돌,방음벽 충돌,36 38 06.2,126 32 19.0,,,0,0,방음벽 충돌
2019-1140,어치,조강(Aves),참새목,까마귀과,해당없음,해당없음,해당없음,2019-07-25,2019-08-03,폐사,,기타,Unknown,Juvenile,36.625833,126.729972,42,,,(충서로2233번길 22) 건물 주변,충청남도 홍성군 금마면 부평리 265-8,건물옆,어미를 잃음(미아),어미를 잃음(미아),36 37 33.0,126 43 47.9,,,110,112,충돌 추락
2019-0974,꾀꼬리,조강(Aves),참새목,꾀꼬리과,해당없음,해당없음,해당없음,2019-07-05,2019-07-05,폐사체,,기타,Female,Adult,36.573194,126.663472,51,,,,충청남도 홍성군 홍성읍 학계리 346-1,도로변,전선/건물과의 충돌,방음벽 충돌 폐사체,36 34 23.5,126 39 48.5,,,70,70,방음벽 충돌
2019-0221,박새,조강(Aves),참새목,박새과,해당없음,해당없음,해당없음,2019-04-12,2019-04-12,DOA,,기타,Unknown,Unknown,36.633222,126.546361,59,,,주소지 부근 비닐하우스,충청남도 홍성군 갈산면 대사리 342-5 ,농경지,끈끈이,쥐를 포획하기 위해 설치한 쥐끈끈이에 붙음,36 37 59.6,126 32 46.9,,,11,0,끈끈이 깃 오염
2019-1197,박새,조강(Aves),참새목,박새과,해당없음,해당없음,해당없음,2019-07-27,2019-07-27,폐사체,,기타,Unknown,Unknown,36.635056,126.538611,34,,,도로 방음벽,충청남도 홍성군 갈산면 취생리 202-1,도로변,전선/건물과의 충돌,방음벽 충돌,36 38 06.2,126 32 19.0,,,0,0,방음벽 충돌
2019-1193,붉은머리오목눈이,조강(Aves),참새목,붉은머리오목눈이과,해당없음,해당없음,해당없음,2019-07-27,2019-07-27,폐사체,,기타,Unknown,Unknown,36.635056,126.538611,34,,,도로 방음벽,충청남도 홍성군 갈산면 취생리 202-1,도로변,전선/건물과의 충돌,방음벽 충돌,36 38 06.2,126 32 19.0,,,0,0,방음벽 충돌
2019-1194,붉은머리오목눈이,조강(Aves),참새목,붉은머리오목눈이과,해당없음,해당없음,해당없음,2019-07-27,2019-07-27,폐사체,,기타,Unknown,Unknown,36.635056,126.538611,34,,,도로 방음벽,충청남도 홍성군 갈산면 취생리 202-1,도로변,전선/건물과의 충돌,방음벽 충돌,36 38 06.2,126 32 19.0,,,0,0,방음벽 충돌
2019-1195,붉은머리오목눈이,조강(Aves),참새목,붉은머리오목눈이과,해당없음,해당없음,해당없음,2019-07-27,2019-07-27,폐사체,,기타,Unknown,Unknown,36.635056,126.538611,34,,,도로 방음벽,충청남도 홍성군 갈산면 취생리 202-1,도로변,전선/건물과의 충돌,방음벽 충돌,36 38 06.2,126 32 19.0,,,0,0,방음벽 충돌
2019-1196,붉은머리오목눈이,조강(Aves),참새목,붉은머리오목눈이과,해당없음,해당없음,해당없음,2019-07-27,2019-07-27,폐사체,,기타,Unknown,Unknown,36.635056,126.538611,34,,,도로 방음벽,충청남도 홍성군 갈산면 취생리 202-1,도로변,전선/건물과의 충돌,방음벽 충돌,36 38 06.2,126 32 19.0,,,0,0,방음벽 충돌
2019-0400,딱새,조강(Aves),참새목,솔딱새과,해당없음,해당없음,해당없음,2019-05-10,2019-05-10,방생,충청남도 홍성군 홍성읍 학계리 339-7,,Unknown,Nestling,36.577556,126.660306,66,36.57573185,126.6636374,원룸 환풍구 안 ,충청남도 홍성군 홍성읍 학계리 339-7,기타,어미를 잃음(미아),어미를 잃음,36 34 39.2,126 39 37.1,36 34 31.7,126 39 49.8,16,16,미아
2019-0401,딱새,조강(Aves),참새목,솔딱새과,해당없음,해당없음,해당없음,2019-05-10,2019-05-10,방생,충청남도 홍성군 홍성읍 학계리 339-7,,Unknown,Nestling,36.575611,126.663667,69,36.57573185,126.6636374,원룸 환풍구 안,충청남도 홍성군 홍성읍 학계리 339-7,기타,어미를 잃음(미아),어미를 잃음,36 34 32.2,126 39 49.2,36 34 31.5,126 39 49.7,16,16,미아
2019-0402,딱새,조강(Aves),참새목,솔딱새과,해당없음,해당없음,해당없음,2019-05-10,2019-05-10,방생,충청남도 홍성군 홍성읍 학계리 339-7,,Unknown,Nestling,36.575611,126.663667,69,36.57573185,126.6636374,원룸 환풍구 안,충청남도 홍성군 홍성읍 학계리 339-7,기타,어미를 잃음(미아),어미를 잃음,36 34 32.2,126 39 49.2,36 34 31.5,126 39 49.7,16,16,미아
2019-0403,딱새,조강(Aves),참새목,솔딱새과,해당없음,해당없음,해당없음,2019-05-10,2019-05-10,방생,충청남도 홍성군 홍성읍 학계리 339-7,,Unknown,Nestling,36.575611,126.663667,69,36.57573185,126.6636374,원룸 환풍구 안,충청남도 홍성군 홍성읍 학계리 339-7,기타,어미를 잃음(미아),어미를 잃음,36 34 32.2,126 39 49.2,36 34 32.2,126 39 49.2,16,16,미아
2019-0404,딱새,조강(Aves),참새목,솔딱새과,해당없음,해당없음,해당없음,2019-05-10,2019-05-10,방생,충청남도 홍성군 홍성읍 학계리 339-7,,Unknown,Nestling,36.575611,126.663667,69,36.57573185,126.6636374,원룸 환풍구 안,충청남도 홍성군 홍성읍 학계리 339-7,기타,어미를 잃음(미아),어미를 잃음,36 34 32.2,126 39 49.2,36 34 31.7,126 39 49.7,16,16,미아
2019-1210,딱새,조강(Aves),참새목,솔딱새과,해당없음,해당없음,해당없음,2019-07-28,2019-08-07,방생,충청남도 예산군 예산읍 대회리1 ,,Unknown,Nestling,36.575417,126.663139,65,36.67008139,126.8596661,오피스텔 환풍구,충청남도 홍성군 홍성읍 학계리 339-9,기타,어미를 잃음(미아),어미를 잃음(미아),36 34 31.5,126 39 47.3,36 40 14.7,126 51 46.2,14,13,미아
2019-1211,딱새,조강(Aves),참새목,솔딱새과,해당없음,해당없음,해당없음,2019-07-28,2019-07-31,폐사,,기타,Unknown,Nestling,36.575417,126.663139,65,,,오피스텔,충청남도 홍성군 홍성읍 학계리 339-9,기타,어미를 잃음(미아),어미를 잃음(미아),36 34 31.5,126 39 47.3,,,14,10,좌측 경비골 원위부 골절 후 유합
2019-1212,딱새,조강(Aves),참새목,솔딱새과,해당없음,해당없음,해당없음,2019-07-28,2019-07-28,폐사체,,기타,Unknown,Nestling,36.575417,126.663139,65,,,오피스텔,충청남도 홍성군 홍성읍 학계리 339-9,기타,어미를 잃음(미아),어미를 잃음(미아),36 34 31.5,126 39 47.3,,,15,15,원인불명
2019-1213,딱새,조강(Aves),참새목,솔딱새과,해당없음,해당없음,해당없음,2019-07-28,2019-07-28,폐사체,,기타,Unknown,Nestling,36.575417,126.663139,65,,,오피스텔,충청남도 홍성군 홍성읍 학계리 339-9,기타,어미를 잃음(미아),어미를 잃음(미아),36 34 31.5,126 39 47.3,,,16,16,원인불명
2019-0921,직박구리,조강(Aves),참새목,직박구리과,해당없음,해당없음,해당없음,2019-07-01,2019-07-29,방생,충청남도 예산군 예산읍 대회리 1,,Unknown,Nestling,36.658806,126.679,30,36.67008139,126.8596661,신경천 공원 옆 인도 부근,충청남도 홍성군 홍북면 신경리 1920 ,건물옆,어미를 잃음(미아),둥지이탈로 인해 어미를 잃음 ,36 39 31.7,126 40 44.4,36 40 13.3,126 51 46.5,30,55,둥지 이탈로 인한 미아
2019-1187,직박구리,조강(Aves),참새목,직박구리과,해당없음,해당없음,해당없음,2019-07-27,2019-07-27,폐사체,,기타,Unknown,Unknown,36.635056,126.538611,34,,,도로 방음벽,충청남도 홍성군 갈산면 취생리 202-1,도로변,전선/건물과의 충돌,방음벽 충돌,36 38 06.2,126 32 19.0,,,0,0,방음벽 충돌
2019-1188,직박구리,조강(Aves),참새목,직박구리과,해당없음,해당없음,해당없음,2019-07-27,2019-07-27,폐사체,,기타,Unknown,Unknown,36.635056,126.538611,34,,,도로 방음벽,충청남도 홍성군 갈산면 취생리 202-1,도로변,전선/건물과의 충돌,방음벽 충돌,36 38 06.2,126 32 19.0,,,0,0,방음벽 충돌
2019-1189,직박구리,조강(Aves),참새목,직박구리과,해당없음,해당없음,해당없음,2019-07-27,2019-07-27,폐사체,,기타,Unknown,Unknown,36.635056,126.538611,34,,,도로 방음벽,충청남도 홍성군 갈산면 취생리 202-1,도로변,전선/건물과의 충돌,방음벽 충돌,36 38 06.2,126 32 19.0,,,0,0,방음벽 충돌
2019-1190,직박구리,조강(Aves),참새목,직박구리과,해당없음,해당없음,해당없음,2019-07-27,2019-07-27,폐사체,,기타,Unknown,Unknown,36.635056,126.538611,34,,,도로 방음벽,충청남도 홍성군 갈산면 취생리 202-1,도로변,전선/건물과의 충돌,방음벽 충돌,36 38 06.2,126 32 19.0,,,0,0,방음벽 충돌
2019-1191,직박구리,조강(Aves),참새목,직박구리과,해당없음,해당없음,해당없음,2019-07-27,2019-07-27,폐사체,,기타,Unknown,Unknown,36.635056,126.538611,34,,,도로 방음벽,충청남도 홍성군 갈산면 취생리 202-1,도로변,전선/건물과의 충돌,방음벽 충돌,36 38 06.2,126 32 19.0,,,0,0,방음벽 충돌
2019-1192,직박구리,조강(Aves),참새목,직박구리과,해당없음,해당없음,해당없음,2019-07-27,2019-07-27,폐사체,,기타,Unknown,Unknown,36.635056,126.538611,34,,,도로 방음벽,충청남도 홍성군 갈산면 취생리 202-1,도로변,전선/건물과의 충돌,방음벽 충돌,36 38 06.2,126 32 19.0,,,0,0,방음벽 충돌
2019-0557,참새,조강(Aves),참새목,참새과,해당없음,해당없음,해당없음,2019-05-26,2019-06-12,방생,충청남도 예산군 예산읍 대회리 1,,Unknown,Nestling,36.497028,126.697667,68,36.67008139,126.8596661,(홍남동로550번길 29-5) 주택가 부근,충청남도 홍성군 장곡면 신풍리 244-1,건물옆,"개, 고양이 공격",고양이에게 공격받음,36 29 49.3,126 41 51.6,36 40 14.5,126 51 43.6,10,14,미아
2019-0633,참새,조강(Aves),참새목,참새과,해당없음,해당없음,해당없음,2019-06-01,2019-06-12,방생,충청남도 예산군 예산읍 대회리 1,,Unknown,Juvenile,36.497028,126.697611,68,36.67008139,126.8596661,가정집 내부,충청남도 홍성군 장곡면 신풍리 244-1,건물옆,"개, 고양이 공격",고양이가 물고 온 개체 구조,36 29 49.3,126 41 51.4,36 40 14.0,126 51 43.0,13,12,포식자 공격받은 개체
2019-0877,참새,조강(Aves),참새목,참새과,해당없음,해당없음,해당없음,2019-06-26,2019-06-26,DOA,,기타,Unknown,Nestling,36.550167,126.606806,48,,,주소지 부근 일반 가옥,충청남도 홍성군 은하면 장곡리 244-1,숲,"개, 고양이 공격",포식자(고양이)에게 공격받음 ,36 33 00.6,126 36 24.5,,,0,0,포식자 공격받은 개체
2019-0971,참새,조강(Aves),참새목,참새과,해당없음,해당없음,해당없음,2019-07-05,2019-07-05,폐사체,,기타,Unknown,Adult,36.573222,126.663583,51,,,방음벽,충청남도 홍성군 홍성읍 학계리 346-1,도로변,전선/건물과의 충돌,방음벽 충돌 폐사체,36 34 23.6,126 39 48.9,,,16,16,방음벽 충돌
2019-0972,참새,조강(Aves),참새목,참새과,해당없음,해당없음,해당없음,2019-07-05,2019-07-05,폐사체,,기타,Unknown,Adult,36.573222,126.663583,51,,,방음벽,충청남도 홍성군 홍성읍 학계리 346-1,도로변,전선/건물과의 충돌,방음벽 충돌 폐사체,36 34 23.6,126 39 48.9,,,12,12,방음벽 충돌
2019-0973,참새,조강(Aves),참새목,참새과,해당없음,해당없음,해당없음,2019-07-05,2019-07-05,폐사체,,기타,Unknown,Adult,36.573222,126.663583,51,,,방음벽,충청남도 홍성군 홍성읍 학계리 346-1,도로변,전선/건물과의 충돌,방음벽 충돌 폐사체,36 34 23.6,126 39 48.9,,,0,0,방음벽 충돌
2019-1134,참새,조강(Aves),참새목,참새과,해당없음,해당없음,해당없음,2019-07-24,2019-08-07,방생,충청남도 예산군 예산읍 대회리 1,,Unknown,Nestling,36.589722,126.639806,56,36.67008139,126.8596661,골프장 지붕 아래,충청남도 홍성군 홍성읍 구항길 399 (월산리),건물옆,어미를 잃음(미아),둥지에서 떨어진 개체,36 35 23.0,126 38 23.3,36 40 14.7,126 51 46.2,12,14,둥지에서 추락한 미아
2019-1164,참새,조강(Aves),참새목,참새과,해당없음,해당없음,해당없음,2019-07-27,2019-07-27,폐사체,,기타,Unknown,Unknown,36.635111,126.538611,34,,,도로 방음벽,충청남도 홍성군 갈산면 취생리 202-1,도로변,전선/건물과의 충돌,방음벽 충돌,36 38 06.4,126 32 19.0,,,0,0,방음벽 충돌
2019-1165,참새,조강(Aves),참새목,참새과,해당없음,해당없음,해당없음,2019-07-27,2019-07-27,폐사체,,기타,Unknown,Unknown,36.635111,126.538611,34,,,도로 방음벽,충청남도 홍성군 갈산면 취생리 202-1,도로변,전선/건물과의 충돌,방음벽 충돌,36 38 06.4,126 32 19.0,,,0,0,방음벽 충돌
2019-1166,참새,조강(Aves),참새목,참새과,해당없음,해당없음,해당없음,2019-07-27,2019-07-27,폐사체,,기타,Unknown,Unknown,36.635111,126.538611,34,,,도로 방음벽,충청남도 홍성군 갈산면 취생리 202-1,도로변,전선/건물과의 충돌,방음벽 충돌,36 38 06.4,126 32 19.0,,,0,0,방음벽 충돌
2019-1167,참새,조강(Aves),참새목,참새과,해당없음,해당없음,해당없음,2019-07-27,2019-07-27,폐사체,,기타,Unknown,Unknown,36.635111,126.538611,34,,,도로 방음벽,충청남도 홍성군 갈산면 취생리 202-1,도로변,전선/건물과의 충돌,방음벽 충돌,36 38 06.4,126 32 19.0,,,0,0,방음벽 충돌
2019-1168,참새,조강(Aves),참새목,참새과,해당없음,해당없음,해당없음,2019-07-27,2019-07-27,폐사체,,기타,Unknown,Unknown,36.635111,126.538611,34,,,도로 방음벽,충청남도 홍성군 갈산면 취생리 202-1,도로변,전선/건물과의 충돌,방음벽 충돌,36 38 06.4,126 32 19.0,,,0,0,방음벽 충돌
2019-1169,참새,조강(Aves),참새목,참새과,해당없음,해당없음,해당없음,2019-07-27,2019-07-27,폐사체,,기타,Unknown,Unknown,36.635111,126.538611,34,,,도로 방음벽,충청남도 홍성군 갈산면 취생리 202-1,도로변,전선/건물과의 충돌,방음벽 충돌,36 38 06.4,126 32 19.0,,,0,0,방음벽 충돌
2019-1170,참새,조강(Aves),참새목,참새과,해당없음,해당없음,해당없음,2019-07-27,2019-07-27,폐사체,,기타,Unknown,Unknown,36.635111,126.538611,34,,,도로 방음벽,충청남도 홍성군 갈산면 취생리 202-1,도로변,전선/건물과의 충돌,방음벽 충돌,36 38 06.4,126 32 19.0,,,0,0,방음벽 충돌
2019-1171,참새,조강(Aves),참새목,참새과,해당없음,해당없음,해당없음,2019-07-27,2019-07-27,폐사체,,기타,Unknown,Unknown,36.635111,126.538611,34,,,도로 방음벽,충청남도 홍성군 갈산면 취생리 202-1,도로변,전선/건물과의 충돌,방음벽 충돌,36 38 06.4,126 32 19.0,,,0,0,방음벽 충돌
2019-1172,참새,조강(Aves),참새목,참새과,해당없음,해당없음,해당없음,2019-07-27,2019-07-27,폐사체,,기타,Unknown,Unknown,36.635111,126.538611,34,,,도로 방음벽,충청남도 홍성군 갈산면 취생리 202-1,도로변,전선/건물과의 충돌,방음벽 충돌,36 38 06.4,126 32 19.0,,,0,0,방음벽 충돌
2019-1173,참새,조강(Aves),참새목,참새과,해당없음,해당없음,해당없음,2019-07-27,2019-07-27,폐사체,,기타,Unknown,Unknown,36.635111,126.538611,34,,,도로 방음벽,충청남도 홍성군 갈산면 취생리 202-1,도로변,전선/건물과의 충돌,방음벽 충돌,36 38 06.4,126 32 19.0,,,0,0,방음벽 충돌
2019-1174,참새,조강(Aves),참새목,참새과,해당없음,해당없음,해당없음,2019-07-27,2019-07-27,폐사체,,기타,Unknown,Unknown,36.635111,126.538611,34,,,도로 방음벽,충청남도 홍성군 갈산면 취생리 202-1,도로변,전선/건물과의 충돌,방음벽 충돌,36 38 06.4,126 32 19.0,,,0,0,방음벽 충돌
2019-1175,참새,조강(Aves),참새목,참새과,해당없음,해당없음,해당없음,2019-07-27,2019-07-27,폐사체,,기타,Unknown,Unknown,36.635111,126.538611,34,,,도로 방음벽,충청남도 홍성군 갈산면 취생리 202-1,도로변,전선/건물과의 충돌,방음벽 충돌,36 38 06.4,126 32 19.0,,,0,0,방음벽 충돌
2019-1176,참새,조강(Aves),참새목,참새과,해당없음,해당없음,해당없음,2019-07-27,2019-07-27,폐사체,,기타,Unknown,Unknown,36.635111,126.538611,34,,,도로 방음벽,충청남도 홍성군 갈산면 취생리 202-1,도로변,전선/건물과의 충돌,방음벽 충돌,36 38 06.4,126 32 19.0,,,0,0,방음벽 충돌
2019-1177,참새,조강(Aves),참새목,참새과,해당없음,해당없음,해당없음,2019-07-27,2019-07-27,폐사체,,기타,Unknown,Unknown,36.635111,126.538611,34,,,도로 방음벽,충청남도 홍성군 갈산면 취생리 202-1,도로변,전선/건물과의 충돌,방음벽 충돌,36 38 06.4,126 32 19.0,,,0,0,방음벽 충돌
2019-1178,참새,조강(Aves),참새목,참새과,해당없음,해당없음,해당없음,2019-07-27,2019-07-27,폐사체,,기타,Unknown,Unknown,36.635111,126.538611,34,,,도로 방음벽,충청남도 홍성군 갈산면 취생리 202-1,도로변,전선/건물과의 충돌,방음벽 충돌,36 38 06.4,126 32 19.0,,,0,0,방음벽 충돌
2019-1179,참새,조강(Aves),참새목,참새과,해당없음,해당없음,해당없음,2019-07-27,2019-07-27,폐사체,,기타,Unknown,Unknown,36.635111,126.538611,34,,,도로 방음벽,충청남도 홍성군 갈산면 취생리 202-1,도로변,전선/건물과의 충돌,방음벽 충돌,36 38 06.4,126 32 19.0,,,0,0,방음벽 충돌
2019-1180,참새,조강(Aves),참새목,참새과,해당없음,해당없음,해당없음,2019-07-27,2019-07-27,폐사체,,기타,Unknown,Unknown,36.635111,126.538611,34,,,도로 방음벽,충청남도 홍성군 갈산면 취생리 202-1,도로변,전선/건물과의 충돌,방음벽 충돌,36 38 06.4,126 32 19.0,,,0,0,방음벽 충돌
2019-1181,참새,조강(Aves),참새목,참새과,해당없음,해당없음,해당없음,2019-07-27,2019-07-27,폐사체,,기타,Unknown,Unknown,36.635111,126.538611,34,,,도로 방음벽,충청남도 홍성군 갈산면 취생리 202-1,도로변,전선/건물과의 충돌,방음벽 충돌,36 38 06.4,126 32 19.0,,,0,0,방음벽 충돌
2019-1182,참새,조강(Aves),참새목,참새과,해당없음,해당없음,해당없음,2019-07-27,2019-07-27,폐사체,,기타,Unknown,Unknown,36.635111,126.538611,34,,,도로 방음벽,충청남도 홍성군 갈산면 취생리 202-1,도로변,전선/건물과의 충돌,방음벽 충돌,36 38 06.4,126 32 19.0,,,0,0,방음벽 충돌
2019-1183,참새,조강(Aves),참새목,참새과,해당없음,해당없음,해당없음,2019-07-27,2019-07-27,폐사체,,기타,Unknown,Unknown,36.635111,126.538611,34,,,도로 방음벽,충청남도 홍성군 갈산면 취생리 202-1,도로변,전선/건물과의 충돌,방음벽 충돌,36 38 06.4,126 32 19.0,,,0,0,방음벽 충돌
2019-1184,참새,조강(Aves),참새목,참새과,해당없음,해당없음,해당없음,2019-07-27,2019-07-27,폐사체,,기타,Unknown,Unknown,36.635111,126.538611,34,,,도로 방음벽,충청남도 홍성군 갈산면 취생리 202-1,도로변,전선/건물과의 충돌,방음벽 충돌,36 38 06.4,126 32 19.0,,,0,0,방음벽 충돌
2019-1185,참새,조강(Aves),참새목,참새과,해당없음,해당없음,해당없음,2019-07-27,2019-07-27,폐사체,,기타,Unknown,Unknown,36.635111,126.538611,34,,,도로 방음벽,충청남도 홍성군 갈산면 취생리 202-1,도로변,전선/건물과의 충돌,방음벽 충돌,36 38 06.4,126 32 19.0,,,0,0,방음벽 충돌
2019-0025,왜가리,조강(Aves),황새목,왜가리과,해당없음,해당없음,해당없음,2019-01-09,2019-01-11,폐사,,기타,Unknown,Juvenile,36.626722,126.713417,21,,,철길 옆,충청남도 홍성군 금마면 화양리 824,도로변,기아 및 탈진,기아어린개체 ,36 37 36.2,126 42 48.3,,,1050,1050,기아 및 탈진 
2019-0284,중대백로㉵,조강(Aves),황새목,왜가리과,해당없음,해당없음,해당없음,2019-04-29,2019-04-29,안락사,,기타,Unknown,Adult,36.611944,126.692083,24,,,,충청남도 홍성군 홍성읍 내법리 34-2,건물옆,총상,총상,36 36 43.0,126 41 31.5,,,626,626,총상에 의한 좌측 부척골 근위부 개방골절
2019-1564,집박쥐,포유강(Mammalia),박쥐목,애기박쥐과,해당없음,해당없음,해당없음,2019-10-26,2019-10-29,방생,충청남도 홍성군 장곡면 신풍리 582-3,,Female,0년0월0일,36.497028,126.697667,68,36.48061028,126.6988514,가정집,충청남도 홍성군 장곡면 신풍리 244-1번지,기타,"개, 고양이 공격",고양이가 박쥐를 물고 들어옴,36 29 49.3,126 41 51.6,36 28 55.4,126 41 52.8,10,10,우측 날개막 약한 열상
2019-0003,고라니,포유강(Mammalia),소목,사슴과,해당없음,해당없음,해당없음,2019-01-01,2019-01-02,안락사,,기타,Male,0년7월0일,36.593056,126.676611,29,,,충절로,충청남도 홍성군 홍성읍 고암리 907-8,도로변,차량과의 충돌,주소지에서 기립불능으로 발견,36 35 35.0,126 40 35.8,,,14860,14860,충돌에 의한 척추(L6) 골절
2019-0075,고라니,포유강(Mammalia),소목,사슴과,해당없음,해당없음,해당없음,2019-02-07,2019-02-07,DOA,,기타,Male,0년8월0일,36.59475,126.470806,12,,,도로변,충청남도 홍성군 서부면 궁리 627-4,도로변,차량과의 충돌,차량과의 충돌,36 35 41.1,126 28 14.9,,,12820,12820,양측 골반 폐쇄골절
2019-0083,고라니,포유강(Mammalia),소목,사슴과,해당없음,해당없음,해당없음,2019-02-12,2019-02-13,안락사,,기타,Female,4년8월0일,36.576778,126.651611,150,,,,충청남도 홍성군 홍성읍 남장리 산 50,숲,알 수 없는 사고,원인불명확,36 34 36.4,126 39 05.8,,,15000,15000,"좌안 주변부 염증으로 인한 안구의 압박성 손상 및 농양, 두개골 부분용해"
2019-0102,고라니,포유강(Mammalia),소목,사슴과,해당없음,해당없음,해당없음,2019-02-25,2019-02-25,안락사,,기타,Male,2년9월0일,36.510639,126.629722,39,,,광천중학교 입구 주변 도로변,충청남도 홍성군 광천읍 신진리 75-6,도로변,차량과의 충돌,차량충돌 추정,36 30 38.3,126 37 47.0,,,16520,16520,충돌에 의한 척추(L5-L6) 탈구와 그로 인한 척수 손상
2019-0161,고라니,포유강(Mammalia),소목,사슴과,해당없음,해당없음,해당없음,2019-03-24,2019-03-25,DOA,,기타,Male,0년10월0일,36.588194,126.665278,39,,,주공아파트 4단지 앞 도로,충청남도 홍성군 홍성읍 남장리 625,도로변,차량과의 충돌,차량충돌,36 35 17.5,126 39 55.0,,,13200,13200,충돌에 의한 우측 elbow 탈구 및 척골 골절
2019-0330,고라니,포유강(Mammalia),소목,사슴과,해당없음,해당없음,해당없음,2019-05-03,2019-05-03,폐사체,,기타,Male,0년11월0일,36.50475,126.616861,8,,,,충청남도 홍성군 광천읍 신진리 491-6,도로변,차량과의 충돌,차량충돌,36 30 17.1,126 37 00.7,,,0,0,충돌에 의한 우측 앞발허리뼈 골절 및 좌측 고관절 탈구
2019-0374,고라니,포유강(Mammalia),소목,사슴과,해당없음,해당없음,해당없음,2019-05-08,2019-05-12,폐사,,기타,Male,0년0월0일,36.575556,126.596472,59,,,구항종합가스,충청남도 홍성군 구항면 태봉리 456,도로변,차량과의 충돌,차량과의 충돌,36 34 32.0,126 35 47.3,,,0,0,충돌에 의한 심한 뇌진탕
2019-0382,고라니,포유강(Mammalia),소목,사슴과,해당없음,해당없음,해당없음,2019-05-09,2019-05-09,안락사,,기타,Male,0년11월0일,36.603056,126.547639,18,,,서해마트 앞 주차장,충청남도 홍성군 갈산면 상촌리 359-11,도로변,차량과의 충돌,차량충돌,36 36 11.0,126 32 51.5,,,14140,14140,충돌에 의한 척추 골절
2019-0383,고라니,포유강(Mammalia),소목,사슴과,해당없음,해당없음,해당없음,2019-05-09,2019-05-09,폐사체,,기타,Female,0년11월0일,36.59675,126.583972,27,,,구도로 도로변,충청남도 홍성군 갈산면 동산리 396-4,도로변,차량과의 충돌,차량충돌,36 35 48.3,126 35 02.3,,,15640,15640,"충돌에 의한 아래턱 골절, 좌측 앞발허리뼈 골절"
2019-0384,고라니,포유강(Mammalia),소목,사슴과,해당없음,해당없음,해당없음,2019-05-09,2019-05-09,폐사체,,기타,Male,0년11월0일,36.605472,126.642556,74,,,,충청남도 홍성군 홍성읍 월산리 산 21-3,도로변,차량과의 충돌,차량충돌,36 36 19.7,126 38 33.2,,,16440,16440,충돌에 의한 양측 골반 골절 및 좌측 경비골 원위부 성장판 골절
2019-0506,고라니,포유강(Mammalia),소목,사슴과,해당없음,해당없음,해당없음,2019-05-20,2019-05-23,방생,충청남도 예산군 대흥면 갈신리 108-5,,Male,0년0월0일,36.589833,126.660917,65,36.6507345,126.8567054,,충청남도 홍성군 홍성읍 남장리 산 92-1,숲,올가미,올무에 걸림,36 35 23.4,126 39 39.3,36 39 00.0,126 51 37.3,13880,13880,"올무에 베인 상처, 쇠약"
2019-0519,고라니,포유강(Mammalia),소목,사슴과,해당없음,해당없음,해당없음,2019-05-22,2019-05-23,DOA,,기타,Male,3년11월0일,36.643639,126.691806,43,,,동방송마을회관 앞,충청남도 홍성군 홍북면 대동리 262-6,도로변,차량과의 충돌,차량과의 충돌,36 38 37.1,126 41 30.5,,,20360,20360,충돌에 의한 경련 & 골절
2019-0576,고라니,포유강(Mammalia),소목,사슴과,해당없음,해당없음,해당없음,2019-05-28,2019-05-28,방생,충청남도 아산시 송악면 외암리 14-2 ,,Male,0년11월0일,36.658167,126.681361,26,36.73187411,127.0262225,의료센터 내 지하 3층,충청남도 홍성군 홍북읍 신경리 585,건물옆,인공구조물 침입·고립,의료센터 내 지하 3층에서 고립된 상태로 발견,36 39 29.4,126 40 52.9,36 43 54.6,127 01 34.4,14860,14860,인공구조물 단순 고립
2019-0834,고라니,포유강(Mammalia),소목,사슴과,해당없음,해당없음,해당없음,2019-06-21,2019-06-21,DOA,,기타,Female,0년0월0일,36.587667,126.676639,34,,,밭그물,충청남도 홍성군 홍성읍 고암리 769-2,농경지,인공구조물에 얽힘,밭그물,36 35 15.6,126 40 35.9,,,19500,19500,쇼크 추정
2019-0847,고라니,포유강(Mammalia),소목,사슴과,해당없음,해당없음,해당없음,2019-06-21,2019-09-09,방생,충청남도 아산시 송악면 동화리 734,,Female,0년1월0일,36.603361,126.729639,50,36.73233832,126.9664151,주소지 부근 농경지,충청남도 홍성군 금마면 덕정리 563,농경지,어미를 잃음(미아),"제초하는 과정에서 발견, 어미를 잃음 ",36 36 12.1,126 43 46.7,36 43 56.2,126 57 59.0,952,2400,미아
2019-0895,고라니,포유강(Mammalia),소목,사슴과,해당없음,해당없음,해당없음,2019-06-28,2019-07-12,안락사,,기타,Male,0년0월0일,36.619139,126.729861,40,,,,충청남도 홍성군 금마면 부평리 355-9,기타,어미를 잃음(미아),미아,36 37 08.9,126 43 47.5,,,1876,2584,미아
2019-1214,고라니,포유강(Mammalia),소목,사슴과,해당없음,해당없음,해당없음,2019-07-29,2019-07-29,DOA,,기타,Female,0년0월0일,36.605778,126.659278,34,,,성결교회 마당,충청남도 홍성군 홍성읍 소향리 114-2,건물옆,차량과의 충돌,차량충돌 추정,36 36 20.8,126 39 33.4,,,14120,14120,코뼈 골절
2019-1518,고라니,포유강(Mammalia),소목,사슴과,해당없음,해당없음,해당없음,2019-10-16,2019-10-16,폐사체,,기타,Unknown,0년0월0일,36.585667,126.6655,40,,,도로,충청남도 홍성군 홍성읍 남장리 160-2,도로변,차량과의 충돌,차량과의 충돌,36 35 08.4,126 39 55.8,,,0,0,차량충돌 개체
2019-1538,고라니,포유강(Mammalia),소목,사슴과,해당없음,해당없음,해당없음,2019-10-19,2019-10-22,폐사,,기타,Female,1년5월0일,36.566417,126.557778,37,,,주소지 부근 농경지,충청남도 홍성군 결성면 용호리 284 ,농경지,인공구조물에 얽힘,밭그물에 얽힌 상태로 발견 ,36 33 59.1,126 33 28.0,,,15060,15060,밭그물 얽힘에 의한 일시적 기립불능
2019-1539,고라니,포유강(Mammalia),소목,사슴과,해당없음,해당없음,해당없음,2019-10-20,2019-10-20,폐사체,,기타,Male,0년5월0일,36.589361,126.592972,31,,,버스승강장 주변 도로변,충청남도 홍성군 구항면 공리 516,도로변,차량과의 충돌,차량충돌,36 35 21.7,126 35 34.7,,,12900,12900,충돌에 의한 심한 뇌진탕 및 내부 장기 출혈
2019-1577,고라니,포유강(Mammalia),소목,사슴과,해당없음,해당없음,해당없음,2019-10-30,2019-10-30,안락사,,기타,Female,0년5월0일,36.570278,126.608583,53,,,,충청남도 홍성군 구항면 내현리 516-9,도로변,차량과의 충돌,차량충돌,36 34 13.0,126 36 30.9,,,13280,13280,"1번 요추 골절, 양측 골반골절"
2019-1585,고라니,포유강(Mammalia),소목,사슴과,해당없음,해당없음,해당없음,2019-11-03,2019-11-03,안락사,,기타,Male,3년6월0일,36.595722,126.457889,1,,,도로변,충청남도 홍성군 서부면 궁리 1019-2,도로변,차량과의 충돌,차량과의 충,36 35 44.6,126 27 28.4,,,22020,22020,요추(L5) 골절
2019-1736,고라니,포유강(Mammalia),소목,사슴과,해당없음,해당없음,해당없음,2019-12-19,2019-12-19,안락사,,기타,Male,3년6월0일,36.611556,126.732972,44,,,주소지 부근 농경지,충청남도 홍성군 금마면 부평리 90-1 ,농경지,"개, 고양이 공격",개에게 공격받음 ,36 36 41.6,126 43 58.7,,,18720,18720,다발성 견교상 및 우측 앞/뒷다리 괴사
2019-1749,고라니,포유강(Mammalia),소목,사슴과,해당없음,해당없음,해당없음,2019-12-22,2019-12-26,안락사,,기타,Female,0년6월0일,36.532083,126.6285,19,,,버스정류장 앞,충청남도 홍성군 광천읍 벽계리 686-1,도로변,차량과의 충돌,차량과의 충돌,36 31 55.5,126 37 42.6,,,15580,15580,좌측 골반골절 및 좌측 고관절탈구
2019-1755,고라니,포유강(Mammalia),소목,사슴과,해당없음,해당없음,해당없음,2019-12-23,2020-01-16,안락사,,기타,Female,0년6월0일,36.575139,126.712556,60,,,신기교차로 주변,충청남도 홍성군 홍동면 신기리 355-29,도로변,차량과의 충돌,차량충돌 추정,36 34 30.5,126 42 45.2,,,17120,17120,충돌에 의한 뇌진탕
2019-1756,고라니,포유강(Mammalia),소목,사슴과,해당없음,해당없음,해당없음,2019-12-24,2019-12-24,안락사,,기타,Male,0년6월0일,36.5645,126.694694,37,,,도로옆,충청남도 홍성군 홍동면 구정리 359-5,도로변,차량과의 충돌,차량과의 충돌,36 33 52.2,126 41 40.9,,,15020,15020,충돌에 의한 양측 뒷다리 개방골절 및 좌측 척골(olecranon) 골절
2019-0114,너구리,포유강(Mammalia),식육목,개과,해당없음,해당없음,해당없음,2019-03-01,2019-03-03,폐사,,기타,Female,0년0월0일,36.532667,126.691639,55,,,자택 정원,충청남도 홍성군 홍동면 화신리 289,건물옆,기생충 중감염,개선충 중감염,36 31 57.6,126 41 29.9,,,3720,3720,개선충 중감염
2019-0273,너구리,포유강(Mammalia),식육목,개과,해당없음,해당없음,해당없음,2019-04-25,2019-07-02,방생,충청남도 예산군 대흥면 교촌리 산 7-88,,Male,0년0월0일,36.606861,126.67125,39,36.61909639,126.775248,가정집 건물 주변,충청남도 홍성군 홍성읍 대교리 126,건물옆,기생충 중감염,,36 36 24.7,126 40 16.5,36 37 09.9,126 46 26.0,3940,4260,개선충 중감염
2019-1516,너구리,포유강(Mammalia),식육목,개과,해당없음,해당없음,해당없음,2019-10-16,2019-10-17,DOA,,기타,Male,0년0월0일,36.561833,126.695167,36,,,축사 내,충청남도 홍성군 홍동면 구정리 405-1,건물옆,기생충 중감염,기생충(개선충) 중감염,36 33 42.6,126 41 42.6,,,3720,3720,개선충 감염 및 교상으로 인한 2차적 승저증
2019-1517,너구리,포유강(Mammalia),식육목,개과,해당없음,해당없음,해당없음,2019-10-16,2019-10-16,폐사체,,기타,Male,1년6월0일,36.566583,126.649417,48,,,도로변,충청남도 홍성군 구항면 마온리 85-1,도로변,차량과의 충돌,차량과의 충돌 추정,36 33 59.7,126 38 57.9,,,4600,4600,"충돌에 의한 다발성 골절(우측 늑골/대퇴골, 좌측 골반, 흉골) 및 복벽 허니아"
2019-1559,너구리,포유강(Mammalia),식육목,개과,해당없음,해당없음,해당없음,2019-10-25,2019-10-25,폐사체,,기타,Unknown,0년0월0일,36.561806,126.648389,41,,,,충청남도 홍성군 구항면 마온리 595-1,도로변,차량과의 충돌,차량충돌,36 33 42.5,126 38 54.2,,,0,0,로드킬 개체
2019-1574,너구리,포유강(Mammalia),식육목,개과,해당없음,해당없음,해당없음,2019-10-28,2019-10-28,안락사,,기타,Male,0년0월0일,36.656194,126.666361,57,,,분수대 옆,충청남도 홍성군 홍북읍 홍예공원로 38,기타,기생충 중감염,개선충 및 구더기 감염,36 39 22.3,126 39 58.9,,,3920,3920,개선충/우측 앞다리 및 항문부 승저증
2019-1732,너구리,포유강(Mammalia),식육목,개과,해당없음,해당없음,해당없음,2019-12-18,2019-12-18,폐사체,,기타,Unknown,0년0월0일,36.607611,126.664056,44,,,주택 마당,충청남도 홍성군 홍성읍 대교리 230-1,건물옆,기생충 중감염,기생충(개선충) 중감염,36 36 27.4,126 39 50.6,,,3340,3340,개선충 중감염
2020-0291,흰뺨검둥오리,조강(Aves),기러기목,오리과,해당없음,해당없음,해당없음,2020-04-01,2020-04-01,폐사체,,기타,Unknown,Unknown,36.592111,126.67525,30,,,억제저수지,충청남도 홍성군 홍성읍 고암리 690-4,"강, 바다",알 수 없는 사고,알 수 없는 사고,36 35 31.6,126 40 30.9,,,0,0,원인불명
2020-0946,흰뺨검둥오리,조강(Aves),기러기목,오리과,해당없음,해당없음,해당없음,2020-06-19,2020-06-19,방생,충청남도 홍성군 홍북읍 신경리 1725,,Unknown,Juvenile,36.651,126.667111,44,36.65410004,126.6750166,주소지 부근 공원,충청남도 홍성군 홍북읍 신경리 926,기타,어미를 잃음(미아),어미를 잃음 ,36 39 03.6,126 40 01.6,36 39 14.5,126 40 37.5,0,0,단순 고립에 의한 미아
2020-0947,흰뺨검둥오리,조강(Aves),기러기목,오리과,해당없음,해당없음,해당없음,2020-06-19,2020-06-19,방생,충청남도 홍성군 홍북읍 신경리 1725,,Unknown,Juvenile,36.651,126.667111,44,36.65410004,126.6750166,주소지 부근 공원,충청남도 홍성군 홍북읍 신경리 926,기타,어미를 잃음(미아),어미를 잃음 ,36 39 03.6,126 40 01.6,36 39 14.5,126 40 37.0,0,0,단순 고립에 의한 미아
2020-0948,흰뺨검둥오리,조강(Aves),기러기목,오리과,해당없음,해당없음,해당없음,2020-06-19,2020-06-19,방생,충청남도 홍성군 홍북읍 신경리 1725,,Unknown,Juvenile,36.651,126.667111,44,36.65410004,126.6750166,주소지 부근 공원,충청남도 홍성군 홍북읍 신경리 926,기타,어미를 잃음(미아),어미를 잃음 ,36 39 03.6,126 40 01.6,36 39 14.5,126 40 36.4,0,0,단순 고립에 의한 미아
2020-0949,흰뺨검둥오리,조강(Aves),기러기목,오리과,해당없음,해당없음,해당없음,2020-06-19,2020-06-19,방생,충청남도 홍성군 홍북읍 신경리 1725,,Unknown,Juvenile,36.651,126.667111,44,36.65410004,126.6750166,주소지 부근 공원,충청남도 홍성군 홍북읍 신경리 926,기타,어미를 잃음(미아),어미를 잃음 ,36 39 03.6,126 40 01.6,36 39 14.8,126 40 37.3,0,0,단순 고립에 의한 미아
2020-0950,흰뺨검둥오리,조강(Aves),기러기목,오리과,해당없음,해당없음,해당없음,2020-06-19,2020-06-19,방생,충청남도 홍성군 홍북읍 신경리 1725,,Unknown,Juvenile,36.651,126.667111,44,36.65410004,126.6750166,주소지 부근 공원,충청남도 홍성군 홍북읍 신경리 926,기타,어미를 잃음(미아),어미를 잃음 ,36 39 03.6,126 40 01.6,36 39 14.4,126 40 36.9,0,0,단순 고립에 의한 미아
2020-0951,흰뺨검둥오리,조강(Aves),기러기목,오리과,해당없음,해당없음,해당없음,2020-06-19,2020-06-19,방생,충청남도 홍성군 홍북읍 신경리 1725,,Unknown,Juvenile,36.651,126.667111,44,36.65410004,126.6750166,주소지 부근 공원,충청남도 홍성군 홍북읍 신경리 926,기타,어미를 잃음(미아),어미를 잃음 ,36 39 03.6,126 40 01.6,36 39 14.4,126 40 37.5,0,0,단순 고립에 의한 미아
2020-0952,흰뺨검둥오리,조강(Aves),기러기목,오리과,해당없음,해당없음,해당없음,2020-06-19,2020-06-19,방생,충청남도 홍성군 홍북읍 신경리 1725,,Unknown,Juvenile,36.651,126.667111,44,36.65410004,126.6750166,주소지 부근 공원,충청남도 홍성군 홍북읍 신경리 926,기타,어미를 잃음(미아),어미를 잃음 ,36 39 03.6,126 40 01.6,36 39 14.4,126 40 37.3,0,0,단순 고립에 의한 미아
2020-0953,흰뺨검둥오리,조강(Aves),기러기목,오리과,해당없음,해당없음,해당없음,2020-06-19,2020-06-19,방생,충청남도 홍성군 홍북읍 신경리 1725,,Unknown,Juvenile,36.651,126.667111,44,36.65410004,126.6750166,주소지 부근 공원,충청남도 홍성군 홍북읍 신경리 926,기타,어미를 잃음(미아),어미를 잃음 ,36 39 03.6,126 40 01.6,36 39 14.5,126 40 37.3,0,0,단순 고립에 의한 미아
2020-1417,괭이갈매기,조강(Aves),도요목,갈매기과,해당없음,해당없음,해당없음,2020-08-06,2020-08-06,안락사,,기타,Unknown,Adult,36.619389,126.482083,0,,,,충청남도 홍성군 갈산면 기산리 936,"강, 바다",전선/건물과의 충돌,전선충돌 추정,36 37 09.8,126 28 55.5,,,508,508,충돌에 의한 우측 요척골 개방골절
2020-1204,오색딱다구리,조강(Aves),딱다구리목,딱다구리과,해당없음,해당없음,해당없음,2020-07-10,2020-07-10,DOA,,기타,Unknown,Unknown,36.651806,126.673306,31,,,엘에이치스타힐스,충청남도 홍성군 홍북읍 신경리 1204,건물옆,전선/건물과의 충돌,유리창 충돌 추정,36 39 06.5,126 40 23.9,,,66,66,유리창 충돌에 의한 기관내 출혈
2020-1362,큰오색딱다구리,조강(Aves),딱다구리목,딱다구리과,해당없음,해당없음,해당없음,2020-07-29,2020-07-30,DOA,,기타,Male,Unknown,36.581167,126.662167,70,,,청운대학교 목련관 앞,충청남도 홍성군 홍성읍 남장리 392-1,건물옆,전선/건물과의 충돌,유리창 충돌 추정,36 34 52.2,126 39 43.8,,,92,92,충돌에 의한 뇌진탕 및 내상
2020-0003,멧비둘기,조강(Aves),비둘기목,비둘기과,해당없음,해당없음,해당없음,2020-01-01,2020-02-09,방생,충청남도 예산군 예산읍 산성리 525-1,,Unknown,Adult,36.589722,126.639806,56,36.68943125,126.82197,논,충청남도 홍성군 홍성읍 월산리 269-4,농경지,전선/건물과의 충돌,충돌 추정,36 35 23.0,126 38 23.3,36 41 21.6,126 49 19.1,208,197,양측 오훼골 후방 탈구
2020-1518,멧비둘기,조강(Aves),비둘기목,비둘기과,해당없음,해당없음,해당없음,2020-08-20,2020-09-10,방생,충청남도 예산군 예산읍 대회리 1,,Unknown,Juvenile,36.593917,126.656083,33,36.67008139,126.8596661,청소년 수련관 앞,충청남도 홍성군 홍성읍 옥암리 1080-2,건물옆,"개, 고양이 공격",고양이 공격,36 35 38.1,126 39 21.9,36 40 10.8,126 51 35.7,140,168,고양이에 의한 교상 및 우측 4지 골절
2020-1633,멧비둘기,조강(Aves),비둘기목,비둘기과,해당없음,해당없음,해당없음,2020-09-17,2020-09-19,폐사,,기타,Unknown,Unknown,36.593333,126.654111,36,,,동물병원,충청남도 홍성군 홍성읍 옥암리 1101,건물옆,전선/건물과의 충돌,유리창 충돌,36 35 36.0,126 39 14.8,,,142,134,충돌에 의한 뇌진탕 및 우측 경비골 골절
2020-1678,멧비둘기,조강(Aves),비둘기목,비둘기과,해당없음,해당없음,해당없음,2020-09-29,2020-09-30,안락사,,기타,Unknown,Juvenile,36.592361,126.6425,48,,,주소지 건물 부근,충청남도 홍성군 홍성읍 월산리 313,건물옆,바이러스 감염,바이러스 감염/폭스바이러스,36 35 32.5,126 38 33.0,,,0,0,폭스바이러스 감염
2020-1746,멧비둘기,조강(Aves),비둘기목,비둘기과,해당없음,해당없음,해당없음,2020-10-20,2020-10-20,안락사,,기타,Unknown,Juvenile,36.622944,126.727,41,,,금마충전소,충청남도 홍성군 금마면 부평리 710-5,도로변,바이러스 감염,폭스바이러스 감염,36 37 22.6,126 43 37.2,,,0,102,폭스바이러스 감염
2020-1779,멧비둘기,조강(Aves),비둘기목,비둘기과,해당없음,해당없음,해당없음,2020-11-02,2020-11-02,DOA,,기타,Female,Adult,36.576167,126.66075,57,,,주차장 차량 밑,충청남도 홍성군 홍성읍 학계리 504-5,도로변,전선/건물과의 충돌,전선/건물과의 충돌충돌 추정,36 34 34.2,126 39 38.7,,,248,248,충돌로 인한 좌측 흉근 광범위 열상 및 내부 장기 손상
2020-1059,집비둘기,조강(Aves),비둘기목,비둘기과,해당없음,해당없음,해당없음,2020-06-26,2020-07-31,방생,충청남도 예산군 예산읍 대회리 81-3,,Unknown,Nestling,36.593333,126.673389,38,36.67334059,126.8564069,(충절로953번길 20) 아파트 실외기,충청남도 홍성군 홍성읍 고암리 1077,건물옆,어미를 잃음(미아),어미를 잃음 ,36 35 36.0,126 40 24.2,36 40 23.0,126 51 25.5,188,258,인위적 이동에 따른 미아
2020-1060,집비둘기,조강(Aves),비둘기목,비둘기과,해당없음,해당없음,해당없음,2020-06-26,2020-07-31,방생,충청남도 예산군 예산읍 대회리 81-3,,Unknown,Nestling,36.593333,126.673389,38,36.67334059,126.8564069,(충절로953번길 20) 아파트 실외기,충청남도 홍성군 홍성읍 고암리 1077,건물옆,어미를 잃음(미아),어미를 잃음 ,36 35 36.0,126 40 24.2,36 40 23.0,126 51 25.5,180,286,인위적 이동에 따른 미아
2020-1332,집비둘기,조강(Aves),비둘기목,비둘기과,해당없음,해당없음,해당없음,2020-07-25,2020-08-24,방생,충청남도 예산군 예산읍 산성리 445-3,,Unknown,Unknown,36.647222,126.676917,44,36.68696856,126.8228817,내포 119 안전센터,충청남도 홍성군 홍북읍 신경리 1190,건물옆,끈끈이,끈끈이,36 38 50.0,126 40 36.9,36 41 12.8,126 49 22.0,244,286,끈끈이 오염 및 흉근 피부 괴사
2020-0414,까치,조강(Aves),참새목,까마귀과,해당없음,해당없음,해당없음,2020-04-27,2020-04-27,방생,충청남도 홍성군 홍북읍 신경리 945 ,,Unknown,Juvenile,36.653778,126.684306,38,36.6535359,126.6842855,(자경로 17) 아파트 단지 내,충청남도 홍성군 홍북읍 신경리 945 ,건물옆,어미를 잃음(미아),어미를 잃었다고 오인 ,36 39 13.6,126 41 03.5,36 39 13.3,126 41 03.2,0,0,미아로 오인된 개체
2020-0415,까치,조강(Aves),참새목,까마귀과,해당없음,해당없음,해당없음,2020-04-27,2020-04-27,방생,충청남도 홍성군 홍북읍 신경리 945 ,,Unknown,Juvenile,36.653778,126.684306,38,36.6535359,126.6842855,(자경로 17) 아파트 단지 내,충청남도 홍성군 홍북읍 신경리 945 ,건물옆,어미를 잃음(미아),어미를 잃었다고 오인 ,36 39 13.6,126 41 03.5,36 39 13.4,126 41 03.2,0,0,미아로 오인된 개체
2020-0482,까치,조강(Aves),참새목,까마귀과,해당없음,해당없음,해당없음,2020-05-05,2020-05-22,방생,충청남도 보령시 오천면 영보리 93-1,,Unknown,Juvenile,36.652861,126.67125,39,36.42413932,126.5181604,4층,충청남도 홍성군 홍북읍 신경리 1195,건물옆,어미를 잃음(미아),단순 미아,36 39 10.3,126 40 16.5,36 25 26.7,126 31 05.4,142,182,미아
2020-1777,까치,조강(Aves),참새목,까마귀과,해당없음,해당없음,해당없음,2020-10-31,2021-02-01,안락사,,기타,Unknown,Unknown,36.651194,126.674361,27,,,효성해링턴플레이스 101동과 102동 사이 화단,충청남도 홍성군 홍북읍 신경리 1169,건물옆,"개, 고양이 공격",고양이 공격,36 39 04.3,126 40 27.7,,,236,192,원인불명의 기립불능
2020-0196,박새,조강(Aves),참새목,박새과,해당없음,해당없음,해당없음,2020-03-03,2020-03-04,DOA,,기타,Unknown,Adult,36.625833,126.729972,42,,,동물위생시험소 홍성본소,충청남도 홍성군 금마면 부평리 265-8,건물옆,전선/건물과의 충돌,유리창과의 충돌 추정,36 37 33.0,126 43 47.9,,,13,13,충돌에 의한 뇌진탕 및 좌측 날개밑 피하기종
2020-0700,박새,조강(Aves),참새목,박새과,해당없음,해당없음,해당없음,2020-06-02,2020-06-02,안락사,,기타,Unknown,Unknown,36.504833,126.692528,51,,,장곡초등학교,충청남도 홍성군 장곡면 도산리 479,기타,끈끈이,끈끈이,36 30 17.4,126 41 33.1,,,13,13,끈끈이에 의한 우측 손가락 관절 개방성 탈구 및 깃손상
2020-0785,박새,조강(Aves),참새목,박새과,해당없음,해당없음,해당없음,2020-06-07,2020-06-17,폐사,,기타,Unknown,Nestling,36.58775,126.652083,62,,,,충청남도 홍성군 홍성읍 옥암리 산 23-8,숲,어미를 잃음(미아),단순 미아,36 35 15.9,126 39 07.5,,,12,9,미아
2020-1004,박새,조강(Aves),참새목,박새과,해당없음,해당없음,해당없음,2020-06-23,2020-07-01,폐사,,기타,Unknown,Juvenile,36.506056,126.630167,17,,,최초 구조지 누락,충청남도 홍성군 광천읍 광천리 144-6,건물옆,어미를 잃음(미아),이소 후 발견 추정,36 30 21.8,126 37 48.6,,,10,11,미아
2020-0853,딱새,조강(Aves),참새목,솔딱새과,해당없음,해당없음,해당없음,2020-06-12,2020-06-25,방생,충청남도 예산군 예산읍 대회리 1,,Unknown,Juvenile,36.652861,126.67125,39,36.67008139,126.8596661,LH스타힐스 117동,충청남도 홍성군 홍북읍 신경리 1204,기타,어미를 잃음(미아),미아,36 39 10.3,126 40 16.5,36 40 14.7,126 51 43.6,11,16,미아
2020-1340,제비,조강(Aves),참새목,제비과,해당없음,해당없음,해당없음,2020-07-26,2020-07-26,방생,충청남도 홍성군 홍동면 원천리 312-6,,Unknown,Juvenile,36.544861,126.660389,55,36.54500605,126.6603242,주택,충청남도 홍성군 홍동면 원천리 312-6,건물옆,"개, 고양이 공격",고양이 공격,36 32 41.5,126 39 37.4,36 32 41.5,126 39 37.4,0,0,고양이 공격으로 인한 일시적 정신적 쇼크
2020-1571,직박구리,조강(Aves),참새목,직박구리과,해당없음,해당없음,해당없음,2020-09-02,2020-09-02,방생,충청남도 홍성군 홍성읍 고암리 1077,,Unknown,Unknown,36.593333,126.673389,38,36.59330681,126.6733588,,충청남도 홍성군 홍성읍 고암리 1077,건물옆,인공구조물 침입·고립,인공구조물 침입 및 고립,36 35 36.0,126 40 24.2,36 35 36.0,126 40 24.2,0,0,단순 건물 고립
2020-0541,참새,조강(Aves),참새목,참새과,해당없음,해당없음,해당없음,2020-05-16,2020-05-22,방생,충청남도 예산군 예산읍 대회리 1,,Unknown,Unknown,36.585167,126.656833,57,36.67008139,126.8596661,(충서로 1222-6) 주소지 마당,충청남도 홍성군 홍성읍 남장리 214-14,기타,어미를 잃음(미아),미아,36 35 06.6,126 39 24.6,36 40 13.8,126 51 42.7,13,15,이소 단계 미아
2020-0555,참새,조강(Aves),참새목,참새과,해당없음,해당없음,해당없음,2020-05-18,2020-05-18,DOA,,기타,Unknown,Juvenile,36.642028,126.66275,49,,,홍성한우프라자 뒤,충청남도 홍성군 홍북읍 상하리 553-4,건물옆,전선/건물과의 충돌,유리창 충돌 추정,36 38 31.3,126 39 45.9,,,13,13,충돌에 의한 뇌진탕 
2020-0633,참새,조강(Aves),참새목,참새과,해당없음,해당없음,해당없음,2020-05-26,2020-05-27,DOA,,기타,Unknown,Nestling,36.496944,126.697833,69,,,가정집 ,충청남도 홍성군 장곡면 홍남동로550번길 33-11,건물옆,어미를 잃음(미아),둥지에서 떨어짐,36 29 49.0,126 41 52.2,,,11,11,추락하여 낙오된 미아
2020-1305,참새,조강(Aves),참새목,참새과,해당없음,해당없음,해당없음,2020-07-22,2020-07-25,폐사,,기타,Unknown,Adult,36.497028,126.697667,68,,,충청남도 홍성군 장곡면 신풍리 244-1 가정집 마당 앞,충청남도 홍성군 장곡면 홍남동로550번길 29-5,건물옆,"개, 고양이 공격",고양이가 뒷다리를 물고 있었음. 해당 상황에서 신고자가 빼앗음. ,36 29 49.3,126 41 51.6,,,16,14,오른쪽 부척골 골절
2020-1326,물총새,조강(Aves),파랑새목,물총새과,해당없음,해당없음,해당없음,2020-07-24,2020-07-24,안락사,,기타,Unknown,Unknown,36.599528,126.6525,42,,,타이어 가게 앞,충청남도 홍성군 홍성읍 월산리 896-6,건물옆,전선/건물과의 충돌,건물 충돌 추정,36 35 58.3,126 39 09.0,,,23,23,"충돌에 의한 두부 내상, 양안 내 출혈"
2020-1359,물총새,조강(Aves),파랑새목,물총새과,해당없음,해당없음,해당없음,2020-07-29,2020-07-29,안락사,,기타,Unknown,Juvenile,36.583333,126.665444,48,,,오토바이 주차장 옆,충청남도 홍성군 홍성읍 남장리 289-5,건물옆,전선/건물과의 충돌,유리창 충돌,36 35 00.0,126 39 55.6,,,20,20,Rt. 요/척골 개방골절
2020-0377,왜가리,조강(Aves),황새목,왜가리과,해당없음,해당없음,해당없음,2020-04-20,2020-04-23,안락사,,기타,Unknown,Unknown,36.508167,126.696472,43,,,다리,충청남도 홍성군 장곡면 도산리 224,농경지,전선/건물과의 충돌,전선 충돌 추정,36 30 29.4,126 41 47.3,,,1762,1633,오른쪽 상완골 개방골절
2020-1590,왜가리,조강(Aves),황새목,왜가리과,해당없음,해당없음,해당없음,2020-09-08,2020-09-08,안락사,,기타,Unknown,Unknown,36.650111,126.691972,40,,,홍북읍 행정복지센터 옆 건물에서 발견됨,충청남도 홍성군 홍북읍 대동리 191,건물옆,차량과의 충돌,차량과의 충돌차량충돌 추정,36 39 00.4,126 41 31.1,,,1112,1112,척추골절
2020-1654,왜가리,조강(Aves),황새목,왜가리과,해당없음,해당없음,해당없음,2020-09-24,2020-09-24,안락사,,기타,Unknown,Juvenile,36.519472,126.767278,38,,,가정집 쪽 도로,충청남도 홍성군 장곡면 천태리 186,도로변,전선/건물과의 충돌,전선/건물과의 충돌전선과의 충돌 추정,36 31 10.1,126 46 02.2,,,942,942,좌측 하퇴골 진구성 개방골절
2020-1743,왜가리,조강(Aves),황새목,왜가리과,해당없음,해당없음,해당없음,2020-10-20,2020-10-26,안락사,,기타,Unknown,Juvenile,36.539167,126.515833,12,,,캠핑장,충청남도 홍성군 서부면 판교리 1036,숲,추락,추락/ 추락,36 32 21.0,126 30 57.0,,,1100,1098,우안 손상 및 기력 저하
2020-1495,안주애기박쥐,포유강(Mammalia),박쥐목,애기박쥐과,해당없음,해당없음,해당없음,2020-08-15,2020-08-15,방생,충청남도 홍성군 홍성읍 고암리 624-5 ,,Male,0년0월0일,36.593333,126.673389,38,36.5936644,126.6718885,(충절로953번길 20) 아파트 8층 내부,충청남도 홍성군 홍성읍 고암리 1077 ,건물옆,인공구조물 침입·고립,"인공구조물(아파트) 침입, 고립",36 35 36.0,126 40 24.2,36 35 37.0,126 40 18.8,0,0,인공구조물(아파트) 내 단순 고립
2020-0189,고라니,포유강(Mammalia),소목,사슴과,해당없음,해당없음,해당없음,2020-03-01,2020-03-11,방생,충청남도 예산군 대흥면 대률리 산 53-2,,Female,0년9월0일,36.560333,126.544778,52,36.65021341,126.8426663,,충청남도 홍성군 결성면 교항리 918-1,도로변,차량과의 충돌,차량충돌,36 33 37.2,126 32 41.2,36 39 03.8,126 50 34.4,13060,13060,뇌진탕 및 좌측 공막 출혈
2020-0280,고라니,포유강(Mammalia),소목,사슴과,해당없음,해당없음,해당없음,2020-03-31,2020-04-03,방생,충청남도 홍성군 홍성읍 구룡리 85,,Male,0년9월0일,36.551972,126.677722,47,36.58987595,126.6978758,주소지 인근 밭,충청남도 홍성군 홍동면 월현리 143-4,기타,올가미,올가미 걸림,36 33 07.1,126 40 39.8,36 35 23.7,126 41 52.2,14200,14200,올가미에 의한 다발성 피부 쓸림
2020-0336,고라니,포유강(Mammalia),소목,사슴과,해당없음,해당없음,해당없음,2020-04-13,2020-04-14,안락사,,기타,Female,0년0월0일,36.59725,126.583278,25,,,도로,충청남도 홍성군 갈산면 동산리 1066,도로변,차량과의 충돌,차량과의 충돌,36 35 50.1,126 34 59.8,,,16020,16020,상악 경구개 plate 분리골절
2020-0402,고라니,포유강(Mammalia),소목,사슴과,해당없음,해당없음,해당없음,2020-04-26,2020-04-26,DOA,,기타,Male,0년10월0일,36.618194,126.664306,63,,,도로변,충청남도 홍성군 홍성읍 내법리 396-13,도로변,차량과의 충돌,차량과의 충돌,36 37 05.5,126 39 51.5,,,14400,14400,"척추(L6, S) 및 골반골절/횡격막 파열 및 폐출혈 의심"
2020-0552,고라니,포유강(Mammalia),소목,사슴과,해당없음,해당없음,해당없음,2020-05-17,2020-05-17,폐사체,,기타,Unknown,0년0월0일,36.642778,126.664583,54,,,,충청남도 홍성군 홍북읍 신경리 1908,도로변,차량과의 충돌,차량과의 충돌,36 38 34.0,126 39 52.5,,,0,0,오른쪽 뒷다리 골절 및 내상
2020-0645,고라니,포유강(Mammalia),소목,사슴과,해당없음,해당없음,해당없음,2020-05-28,2020-05-28,폐사체,,기타,Male,0년11월0일,36.641833,126.534944,30,,,주소지 부근 도로변,충청남도 홍성군 갈산면 취생리 575-3,도로변,차량과의 충돌,차량과의 충돌,36 38 30.6,126 32 05.8,,,14940,14940,"척추의 복합골절, 골반골절"
2020-0757,고라니,포유강(Mammalia),소목,사슴과,해당없음,해당없음,해당없음,2020-06-05,2020-06-05,폐사체,,기타,Female,1년0월0일,36.517028,126.483083,1,,,홍성방조제 위,충청남도 홍성군 서부면 신리 655,도로변,차량과의 충돌,차량 충돌,36 31 01.3,126 28 59.1,,,17660,17660,척추 골절 및 복부 헤르니아
2020-0781,고라니,포유강(Mammalia),소목,사슴과,해당없음,해당없음,해당없음,2020-06-07,2020-06-07,방생,충청남도 서산시 해미면 대곡리 618-6,,Female,0년0월0일,36.637194,126.658028,54,36.68159534,126.5812276,,충청남도 홍성군 홍북읍 상하리 산 41-2,농경지,인공구조물에 얽힘,밭그물 얽힘,36 38 13.9,126 39 28.9,36 40 53.5,126 34 52.2,17500,17500,밭그물 얽힘
2020-0857,고라니,포유강(Mammalia),소목,사슴과,해당없음,해당없음,해당없음,2020-06-12,2020-06-12,방생,충청남도 예산군 응봉면 건지화리 799,,Female,0년0월0일,36.584083,126.679667,31,36.62339524,126.7578496,철도다리 밑 공간,충청남도 홍성군 홍성읍 고암리 173-4,도로변,인공구조물 침입·고립,인공 구조물 침입 및 고립,36 35 02.7,126 40 46.8,36 37 23.9,126 45 29.0,0,0,인공구조물 일시적 고립
2020-0876,고라니,포유강(Mammalia),소목,사슴과,해당없음,해당없음,해당없음,2020-06-15,2020-07-05,폐사,,기타,Male,0년0월0일,36.559,126.619861,67,,,주소지 인근,충청남도 홍성군 구항면 지정리 1005,건물옆,어미를 잃음(미아),미아,36 33 32.4,126 37 11.5,,,1160,1604,미아
2020-0982,고라니,포유강(Mammalia),소목,사슴과,해당없음,해당없음,해당없음,2020-06-22,2020-06-25,폐사,,기타,Female,1년0월0일,36.607528,126.763556,111,,,앞 숲,충청남도 홍성군 금마면 봉서리 산 59-13,숲,차량과의 충돌,차량 충돌 추정,36 36 27.1,126 45 48.8,,,15200,15200,원인불명에 의한 기립불능/흉골골절
2020-0983,고라니,포유강(Mammalia),소목,사슴과,해당없음,해당없음,해당없음,2020-06-22,2020-08-14,방생,충청남도 예산군 대술면 화산리 413-2 ,,Unknown,0년0월0일,36.607528,126.763556,111,36.69541245,126.9168175,앞 숲,충청남도 홍성군 금마면 봉서리 산 59-13,숲,어미를 잃음(미아),차량 충돌 추정인 어미와 함께 구조 됨.,36 36 27.1,126 45 48.8,36 41 43.3,126 55 00.4,1390,4120,피하기종
2020-0984,고라니,포유강(Mammalia),소목,사슴과,해당없음,해당없음,해당없음,2020-06-22,2020-06-22,안락사,,기타,Male,0년1월0일,36.607528,126.763556,111,,,앞 숲,충청남도 홍성군 금마면 봉서리 산 59-13,숲,어미를 잃음(미아),차량 충돌 추정인 어미와 함께 구조 됨.,36 36 27.1,126 45 48.8,,,0,0,하악골절
2020-1006,고라니,포유강(Mammalia),소목,사슴과,해당없음,해당없음,해당없음,2020-06-23,2020-06-24,안락사,,기타,Female,0년0월0일,36.60975,126.674944,44,,,옆 농경지,충청남도 홍성군 홍성읍 내법리 379-1,농경지,기생충 중감염,승저증,36 36 35.1,126 40 29.8,,,1198,1198,항문 및 요도 내 구더기증
2020-1016,고라니,포유강(Mammalia),소목,사슴과,해당없음,해당없음,해당없음,2020-06-24,2020-06-27,폐사,,기타,Male,0년1월0일,36.596889,126.755417,76,,,,충청남도 홍성군 금마면 월암리 4-10,숲,어미를 잃음(미아),단순 미아,36 35 48.8,126 45 19.5,,,804,824,수척/저체온증
2020-1017,고라니,포유강(Mammalia),소목,사슴과,해당없음,해당없음,해당없음,2020-06-24,2020-06-25,DOA,,기타,Female,0년1월0일,36.596889,126.755417,76,,,,충청남도 홍성군 금마면 월암리 4-10,숲,어미를 잃음(미아),단순 미아,36 35 48.8,126 45 19.5,,,902,902,미아
2020-1123,고라니,포유강(Mammalia),소목,사슴과,해당없음,해당없음,해당없음,2020-07-02,2020-07-04,안락사,,기타,Male,0년1월0일,36.575861,126.653611,104,,,충령사 주변,충청남도 홍성군 홍성읍 남장리 439,숲,어미를 잃음(미아),미아,36 34 33.1,126 39 13.0,,,2048,1910,빈혈이 있는 미아
2020-1141,고라니,포유강(Mammalia),소목,사슴과,해당없음,해당없음,해당없음,2020-07-04,2020-08-14,방생,충청남도 아산시 도고면 도산리 342 ,,Unknown,0년0월0일,36.60725,126.703944,30,36.72134802,126.905787,농수로,충청남도 홍성군 금마면 신곡리 259-6,농경지,농수로 고립,농수로 고립,36 36 26.1,126 42 14.2,36 43 16.7,126 54 20.6,1592,3740,농수로 고립 개체
2020-1182,고라니,포유강(Mammalia),소목,사슴과,해당없음,해당없음,해당없음,2020-07-08,2020-07-08,안락사,,기타,Female,0년0월0일,36.57,126.584889,80,,,도로,충청남도 홍성군 구항면 장양리 277,도로변,차량과의 충돌,차량충돌 추정,36 34 12.0,126 35 05.6,,,16900,16900,충돌에 의한 뇌진탕
2020-1220,고라니,포유강(Mammalia),소목,사슴과,해당없음,해당없음,해당없음,2020-07-13,2020-07-27,폐사,,기타,Unknown,0년0월0일,36.584194,126.688944,28,,,주소지 인근 수로 내,충청남도 홍성군 홍성읍 구룡리 134-1,기타,어미를 잃음(미아),미아,36 35 03.1,126 41 20.2,,,2298,2322,수로에 빠진 개체
2020-1424,고라니,포유강(Mammalia),소목,사슴과,해당없음,해당없음,해당없음,2020-08-07,2020-08-07,안락사,,기타,Female,0년0월0일,36.565278,126.649056,45,,,,충청남도 홍성군 구항면 마온리 188-1,도로변,차량과의 충돌,차량충돌,36 33 55.0,126 38 56.6,,,18020,18020,"척추(L6, S) 및 골반 골절"
2020-1510,고라니,포유강(Mammalia),소목,사슴과,해당없음,해당없음,해당없음,2020-08-18,2020-08-18,폐사체,,기타,Male,0년0월0일,36.539667,126.641889,31,,,장항선 철길 주변 농경지,충청남도 홍성군 구항면 신곡리 248-2,농경지,인공구조물에 얽힘,밭그물 얽힘,36 32 22.8,126 38 30.8,,,13520,13520,밭그물 얽힘에 의한 포획근병증 추정
2020-1636,고라니,포유강(Mammalia),소목,사슴과,해당없음,해당없음,해당없음,2020-09-19,2020-09-19,방생,충청남도 홍성군 갈산면 대사리 산 49-4,,Unknown,0년4월0일,36.639389,126.548583,97,36.63869645,126.5512537,대사저수지 농수로 안,충청남도 홍성군 갈산면 대사리 산 79-20,농경지,농수로 고립,농수로 고립,36 38 21.8,126 32 54.9,36 38 19.5,126 33 04.8,0,0,농수로 고립
2020-1751,고라니,포유강(Mammalia),소목,사슴과,해당없음,해당없음,해당없음,2020-10-21,2020-10-22,DOA,,기타,Male,0년5월0일,36.480694,126.638944,62,,,밭,충청남도 홍성군 광천읍 담산리 807,농경지,인공구조물에 얽힘,인공구조물 얽힘/ 밭그물 얽힘,36 28 50.5,126 38 20.2,,,11700,11700,"밭그물 얽힘에 의한 포획성 스트레스, 좌측 후지 발굽 손상"
2020-1833,고라니,포유강(Mammalia),소목,사슴과,해당없음,해당없음,해당없음,2020-11-16,2020-11-16,안락사,,기타,Female,0년6월0일,36.586306,126.607167,39,,,2차선 도로 갓길,충청남도 홍성군 구항면 오봉리 698-1,도로변,차량과의 충돌,차량과의 충돌,36 35 10.7,126 36 25.8,,,16540,16540,"충돌에 의한 뇌진탕, 척추(L6) 분쇄골절"
2020-0008,너구리,포유강(Mammalia),식육목,개과,해당없음,해당없음,해당없음,2020-01-02,2020-03-19,방생,충청남도 예산군 덕산면 대치리 산 33-19,,Male,0년0월0일,36.604389,126.667694,28,36.6996597,126.612669,하천 주변,충청남도 홍성군 홍성읍 충서로 1584,"강, 바다",기생충 중감염,개선충증 감염,36 36 15.8,126 40 03.7,36 41 54.0,126 36 48.3,3600,3600,개선충 감염 및 좌측 어깨부위 교상
2020-0215,너구리,포유강(Mammalia),식육목,개과,해당없음,해당없음,해당없음,2020-03-10,2020-03-14,폐사,,기타,Unknown,0년0월0일,36.584,126.717361,50,,,가정집 헛간,충청남도 홍성군 홍동면 신기리 27,숲,기생충 중감염,개선충 중감염,36 35 02.4,126 43 02.5,,,3980,3980,개선충 중감염
2020-0253,너구리,포유강(Mammalia),식육목,개과,해당없음,해당없음,해당없음,2020-03-20,2020-03-28,DOA,,기타,Male,0년0월0일,36.576167,126.489694,64,,,주소지 인근,충청남도 홍성군 서부면 거차리 232-2,숲,기생충 중감염,개선충 중감염,36 34 34.2,126 29 22.9,,,3360,3360,개선충 중감염 및 우측 요척골 개방골절
2020-0329,너구리,포유강(Mammalia),식육목,개과,해당없음,해당없음,해당없음,2020-04-09,2020-04-09,DOA,,기타,Male,0년0월0일,36.488417,126.743139,47,,,식당 앞,충청남도 홍성군 장곡면 옥계리 64-1,건물옆,기생충 중감염,개선충 중감염,36 29 18.3,126 44 35.3,,,3320,3320,개선충 중감염
2020-1460,너구리,포유강(Mammalia),식육목,개과,해당없음,해당없음,해당없음,2020-08-10,2020-08-21,폐사,,기타,Male,0년4월0일,36.605833,126.669056,31,,,개인 주택 옆,충청남도 홍성군 홍성읍 대교리 333-2,건물옆,기생충 중감염,기생충 중감염,36 36 21.0,126 40 08.6,,,1310,1460,개선충 중감염
2020-1483,너구리,포유강(Mammalia),식육목,개과,해당없음,해당없음,해당없음,2020-08-12,2020-08-13,안락사,,기타,Female,0년0월0일,36.553861,126.645139,36,,,주소지 인근 도로변,충청남도 홍성군 구항면 청광리 370-4,도로변,차량과의 충돌,차량충돌 ,36 33 13.9,126 38 42.5,,,5040,5040,차량충돌로 인한 좌측 요척골 개방골절 및 기립불능
2020-1535,너구리,포유강(Mammalia),식육목,개과,해당없음,해당없음,해당없음,2020-08-24,2020-08-25,폐사체,,기타,Female,0년0월0일,36.643056,126.66425,54,,,주소지 인근 사거리,충청남도 홍성군 홍북읍 상하리 87,도로변,차량과의 충돌,차량과의 충돌,36 38 35.0,126 39 51.3,,,5300,5300,골반 및 좌측 대퇴골 골절/기흉/복막파열에 의한 장 헤르니아
2020-1587,너구리,포유강(Mammalia),식육목,개과,해당없음,해당없음,해당없음,2020-09-06,2020-09-06,DOA,,기타,Female,0년0월0일,36.53,126.578722,41,,,주택가 뒤편 숲,충청남도 홍성군 은하면 학산리 40,숲,기생충 중감염,기생충 중감염/ 개선충감염,36 31 48.0,126 34 43.4,,,1440,1440,개선충 중감염
2020-1695,너구리,포유강(Mammalia),식육목,개과,해당없음,해당없음,해당없음,2020-10-05,2020-10-05,안락사,,기타,Male,0년0월0일,36.611917,126.735833,63,,,가정집 마당,충청남도 홍성군 금마면 부평리 124-1,숲,"개, 고양이 공격","개, 고양이 공격/ 고양이 공격 추정",36 36 42.9,126 44 09.0,,,1460,1460,극심한 승저증
2020-1839,너구리,포유강(Mammalia),식육목,개과,해당없음,해당없음,해당없음,2020-11-16,2021-03-17,방생,충청남도 공주시 사곡면 가교리 521-5,,Female,0년0월0일,36.573667,126.545417,21,36.54848827,127.0199075,만해로 462번길 42-4 가정집 옆 처마 밑,충청남도 홍성군 결성면 용호리 617,건물옆,기생충 중감염,기생충 중감염/ 개선충,36 34 25.2,126 32 43.5,36 32 54.4,127 01 11.6,3280,5240,개선충 중감염
2020-1840,너구리,포유강(Mammalia),식육목,개과,해당없음,해당없음,해당없음,2020-11-17,2021-04-06,방생,,,Male,0년0월0일,36.59475,126.651972,44,,,홍주문화회관 대강당 내부,충청남도 홍성군 홍성읍 옥암리 125-1,건물옆,기생충 중감염,개선충 감염+ 인공구조물 고립,36 35 41.1,126 39 07.1,36 46 23.2,126 49 47.6,4400,5600,개선충 중감염
2020-1871,너구리,포유강(Mammalia),식육목,개과,해당없음,해당없음,해당없음,2020-11-26,2021-04-13,방생,충청남도 공주시 반포면 학봉리 산 35,,Male,0년0월0일,36.653583,126.684222,36,36.36345959,127.2595397,중흥 S클래스 아파트단지 내,충청남도 홍성군 홍북면 신경리 81,건물옆,기생충 중감염,기생충 중감염/ 개선충 감염,36 39 12.9,126 41 03.2,36 21 47.1,127 15 30.0,5180,4060,개선충 중감염 및 후지 이상
2020-1911,너구리,포유강(Mammalia),식육목,개과,해당없음,해당없음,해당없음,2020-12-08,2020-12-13,폐사,,기타,Female,0년0월0일,36.653583,126.684222,36,,,중흥 s클래스아파트,충청남도 홍성군 홍북읍 신경리 81,건물옆,기생충 중감염,기생충 중감염/ 개선충 감염,36 39 12.9,126 41 03.2,,,5660,5660,개선충 감염
2020-1947,너구리,포유강(Mammalia),식육목,개과,해당없음,해당없음,해당없음,2020-12-16,2020-12-17,DOA,,기타,Male,0년0월0일,36.655861,126.686806,20,,,오피스텔 지하주차장,충청남도 홍성군 홍북읍 신경리 287-2,건물옆,기생충 중감염,기생충 중감염/ 개선충 감염,36 39 21.1,126 41 12.5,,,3420,3420,"개선충 중감염, 저체온증"
2020-0575,다람쥐,포유강(Mammalia),쥐목,청서과,해당없음,해당없음,해당없음,2020-05-19,2020-05-22,안락사,,기타,Female,0년0월0일,36.619222,126.630444,71,,,,충청남도 홍성군 홍북읍 중계리 산 133-1,숲,알 수 없는 사고,알 수 없는 사고,36 37 09.2,126 37 49.6,,,37,30,오른쪽 대퇴골 골절
2021-0291,쇠기러기,조강(Aves),기러기목,오리과,해당없음,해당없음,해당없음,2021-03-23,2021-04-15,안락사,,기타,Unknown,Adult,36.594,126.676833,32,,,도로옆 삽교천 뚝방 근처,충청남도 홍성군 홍성읍 고암리 410-3,도로변,총상,총상/총상,36 35 38.4,126 40 36.6,,,1630,1628,"좌측 흉근 총상, 우측 척골 총상으로 인한 개방골절"
2021-0325,청둥오리,조강(Aves),기러기목,오리과,해당없음,해당없음,해당없음,2021-04-06,2021-04-06,안락사,,기타,Unknown,Unknown,36.601222,126.655306,41,,,하천 옆,충청남도 홍성군 홍성읍 오관리 666-14,"강, 바다","개, 고양이 공격","개, 고양이 공격/고양이 공격",36 36 04.4,126 39 19.1,,,2382,2382,"미추쪽 광범위 교상, 척추골절"
2021-1621,괭이갈매기,조강(Aves),도요목,갈매기과,해당없음,해당없음,해당없음,2021-09-07,2021-09-07,안락사,,기타,Unknown,Adult,36.598944,126.503056,9,,,주소지 부근 도로변,충청남도 홍성군 서부면 광리 718-7,도로변,전선/건물과의 충돌,전선과의 충돌,36 35 56.2,126 30 11.0,,,546,546,전선 충돌(추정)에 의한 요척골 개방골절
2021-0233,청딱다구리,조강(Aves),딱다구리목,딱다구리과,해당없음,해당없음,해당없음,2021-03-02,2021-03-04,폐사,,기타,Female,Juvenile,36.647028,126.680528,49,,,단지 내 상가,충청남도 홍성군 홍북면 대동리 412-7,건물옆,전선/건물과의 충돌,유리 구조물 충돌,36 38 49.3,126 40 49.9,,,128,124,"충돌에 의한 폐출혈, head trauma"
2021-1286,청딱다구리,조강(Aves),딱다구리목,딱다구리과,해당없음,해당없음,해당없음,2021-07-08,2021-07-23,방생,충청남도 예산군 대흥면 갈신리 산 53,,Male,Adult,36.576167,126.66075,57,36.66606467,126.8663143,원룸촌,충청남도 홍성군 홍성읍 학계리 504-5,건물옆,전선/건물과의 충돌,유리 구조물 충돌,36 34 34.2,126 39 38.7,36 39 57.7,126 51 58.8,118,110,유리창 충돌에 의한 뇌진탕
2021-1347,청딱다구리,조강(Aves),딱다구리목,딱다구리과,해당없음,해당없음,해당없음,2021-07-17,2021-07-18,안락사,,기타,Unknown,Juvenile,36.497583,126.628417,21,,,주소지 앞마당,충청남도 홍성군 광천읍 원촌길 72번길 13-7,건물옆,전선/건물과의 충돌,유리 구조물 충돌,36 29 51.3,126 37 42.3,,,120,120,"T3 골절, 심각한 간손상"
2021-1390,청딱다구리,조강(Aves),딱다구리목,딱다구리과,해당없음,해당없음,해당없음,2021-07-22,2021-07-24,폐사,,기타,Male,Adult,36.617389,126.669028,52,,,101동 1-2 단지 앞,충청남도 홍성군 홍성읍 내법리 285-78,건물옆,전선/건물과의 충돌,유리 구조물 충돌,36 37 02.6,126 40 08.5,,,80,74,심한 뇌진탕
2021-0060,멧비둘기,조강(Aves),비둘기목,비둘기과,해당없음,해당없음,해당없음,2021-01-13,2021-01-15,안락사,,기타,Unknown,Adult,36.604111,126.653583,46,,,주소지 부근 건물 옆,충청남도 홍성군 홍성읍 오관리 824-8,건물옆,전선/건물과의 충돌,유리 구조물 충돌,36 36 14.8,126 39 12.9,,,202,202,유리창 충돌로 인한 신경계 이상
2021-0227,멧비둘기,조강(Aves),비둘기목,비둘기과,해당없음,해당없음,해당없음,2021-02-27,2021-03-08,방생,충청남도 공주시 신풍면 동원리 산 65-1,,Unknown,Adult,36.662806,126.68325,24,36.52211181,126.9655342,주소지 부근 건물 옆,충청남도 홍성군 홍북읍 신경리 713,건물옆,전선/건물과의 충돌,유리 구조물 충돌,36 39 46.1,126 40 59.7,36 31 18.8,126 57 56.3,238,250,"유리창 충돌로 인한 일시적 의식 저하, 흉근 좌상"
2021-0297,멧비둘기,조강(Aves),비둘기목,비둘기과,해당없음,해당없음,해당없음,2021-03-24,2021-03-25,DOA,,기타,Unknown,Unknown,36.650639,126.665528,53,,,극동스타클래스센트럴,충청남도 홍성군 홍북읍 신경리 928,건물옆,어미를 잃음(미아),어미를 잃음(미아)/미아,36 39 02.3,126 39 55.9,,,122,122,미아
2021-1630,멧비둘기,조강(Aves),비둘기목,비둘기과,해당없음,해당없음,해당없음,2021-09-08,2021-09-09,안락사,,기타,Unknown,Juvenile,36.651361,126.684583,27,,,LH스타힐스 아파트 단지 내부,충청남도 홍성군 홍북읍 신경리 1204,건물옆,바이러스 감염,바이러스 감염/폭스바이러스 감염,36 39 04.9,126 41 04.5,,,0,0,avian pox virus 감염
2021-1662,멧비둘기,조강(Aves),비둘기목,비둘기과,해당없음,해당없음,해당없음,2021-09-16,2021-09-16,안락사,,기타,Unknown,Adult,36.506361,126.629389,18,,,광천초등학교 3층 베란다,충청남도 홍성군 광천읍 광천리 157,건물옆,바이러스 감염,바이러스 감염/폭스 바이러스,36 30 22.9,126 37 45.8,,,0,0,폭스 바이러스 감염
2021-1892,멧비둘기,조강(Aves),비둘기목,비둘기과,해당없음,해당없음,해당없음,2021-11-14,2022-01-11,방생,충청남도 예산군 대흥면 갈신리 산 53,,Unknown,Nestling,36.600167,126.6965,30,36.66606467,126.8663143,공사장 옆,충청남도 홍성군 금마면 장성리 175-6,기타,어미를 잃음(미아),어미를 잃음(미아)/둥지제거로 인한 미아,36 36 00.6,126 41 47.4,36 39 57.7,126 51 58.8,76,186,단순 미아
2021-1893,멧비둘기,조강(Aves),비둘기목,비둘기과,해당없음,해당없음,해당없음,2021-11-14,2022-01-07,안락사,,기타,Unknown,Nestling,36.600167,126.6965,30,,,공사장 옆,충청남도 홍성군 금마면 장성리 175-6,기타,어미를 잃음(미아),어미를 잃음(미아)/둥지제거로 인한 미아,36 36 00.6,126 41 47.4,,,94,178,윗 부리골절
2021-0474,까치,조강(Aves),참새목,까마귀과,해당없음,해당없음,해당없음,2021-04-28,2021-04-28,DOA,,기타,Unknown,Juvenile,36.659583,126.681222,31,,,A-one 프라자 건물사이 나무 밑,충청남도 홍성군 홍북읍 신경리 580,건물옆,어미를 잃음(미아),어미를 잃음(미아),36 39 34.5,126 40 52.4,,,144,144,뇌진탕
2021-0600,박새,조강(Aves),참새목,박새과,해당없음,해당없음,해당없음,2021-05-12,2021-05-31,방생,충청남도 예산군 예산읍 대회리 275,,Unknown,Nestling,36.651361,126.684583,27,,,LH 스타힐스 중앙광장 정자 밑,충청남도 홍성군 홍북읍 신경리 1204,건물옆,어미를 잃음(미아),어미를 잃음(미아),36 39 04.9,126 41 04.5,36 40 14.6,126 51 47.6,8,12,단순 미아 추정
2021-1157,박새,조강(Aves),참새목,박새과,해당없음,해당없음,해당없음,2021-06-25,2021-06-26,DOA,,기타,Unknown,Juvenile,36.657194,126.667056,49,,,공원,충청남도 홍성군 홍북읍 홍예공원로 38,기타,어미를 잃음(미아),어미를 잃음(미아),36 39 25.9,126 40 01.4,,,11,11,단순 미아
2021-1158,박새,조강(Aves),참새목,박새과,해당없음,해당없음,해당없음,2021-06-25,2021-06-26,DOA,,기타,Unknown,Juvenile,36.657194,126.667056,49,,,공원,충청남도 홍성군 홍북읍 홍예공원로 38,기타,어미를 잃음(미아),어미를 잃음(미아),36 39 25.9,126 40 01.4,,,10,10,단순 미아
2021-1159,박새,조강(Aves),참새목,박새과,해당없음,해당없음,해당없음,2021-06-25,2021-07-12,방생,충청남도 예산군 예산읍 대회리 산46,,Unknown,Juvenile,36.657194,126.667056,49,36.67245016,126.8639108,공원,충청남도 홍성군 홍북읍 홍예공원로 38,기타,어미를 잃음(미아),어미를 잃음(미아),36 39 25.9,126 40 01.4,36 40 20.8,126 51 49.4,11,13,단순 미아
2021-1160,박새,조강(Aves),참새목,박새과,해당없음,해당없음,해당없음,2021-06-25,2021-07-05,폐사,,기타,Unknown,Juvenile,36.657194,126.667056,49,,,공원,충청남도 홍성군 홍북읍 홍예공원로 38,기타,어미를 잃음(미아),어미를 잃음(미아),36 39 25.9,126 40 01.4,,,12,9,단순 미아
2021-1259,박새,조강(Aves),참새목,박새과,해당없음,해당없음,해당없음,2021-07-06,2021-07-22,방생,충청남도 아산시 선장면 대정리 445,,Unknown,Nestling,36.651556,126.669306,37,36.76177798,126.851879,내포 상록아파트 관리사무소,충청남도 홍성군 홍북읍 신경리 1176,건물옆,어미를 잃음(미아),어미를 잃음(미아),36 39 05.6,126 40 09.5,36 45 41.4,126 51 07.7,10,12,단순 미아.
2021-1260,박새,조강(Aves),참새목,박새과,해당없음,해당없음,해당없음,2021-07-06,2021-07-22,방생,충청남도 아산시 선장면 대정리 445,,Unknown,Nestling,36.651556,126.669306,37,36.76177798,126.851879,내포 상록아파트 관리사무소,충청남도 홍성군 홍북읍 신경리 1176,건물옆,어미를 잃음(미아),어미를 잃음(미아),36 39 05.6,126 40 09.5,36 45 41.4,126 51 07.7,9,13,단순 미아.
2021-1261,박새,조강(Aves),참새목,박새과,해당없음,해당없음,해당없음,2021-07-06,2021-07-22,방생,충청남도 아산시 선장면 대정리 445,,Unknown,Nestling,36.651556,126.669306,37,36.76177798,126.851879,내포 상록아파트 관리사무소,충청남도 홍성군 홍북읍 신경리 1176,건물옆,어미를 잃음(미아),어미를 잃음(미아),36 39 05.6,126 40 09.5,36 45 41.4,126 51 07.7,10,12,단순 미아.
2021-1262,박새,조강(Aves),참새목,박새과,해당없음,해당없음,해당없음,2021-07-06,2021-07-09,폐사,,기타,Unknown,Nestling,36.651556,126.669306,37,,,내포 상록아파트 관리사무소,충청남도 홍성군 홍북읍 신경리 1176,건물옆,어미를 잃음(미아),어미를 잃음(미아),36 39 05.6,126 40 09.5,,,9,7,단순 미아.
2021-1263,박새,조강(Aves),참새목,박새과,해당없음,해당없음,해당없음,2021-07-06,2021-07-06,DOA,,기타,Unknown,Nestling,36.651556,126.669306,37,,,내포 상록아파트 관리사무소,충청남도 홍성군 홍북읍 신경리 1176,건물옆,어미를 잃음(미아),어미를 잃음(미아),36 39 05.6,126 40 09.5,,,9,9,단순 미아
2021-1264,박새,조강(Aves),참새목,박새과,해당없음,해당없음,해당없음,2021-07-06,2021-07-07,DOA,,기타,Unknown,Nestling,36.651556,126.669306,37,,,내포 상록아파트 관리사무소,충청남도 홍성군 홍북읍 신경리 1176,건물옆,어미를 잃음(미아),어미를 잃음(미아),36 39 05.6,126 40 09.5,,,7,7,단순 미아.
2021-1265,박새,조강(Aves),참새목,박새과,해당없음,해당없음,해당없음,2021-07-06,2021-07-07,DOA,,기타,Unknown,Nestling,36.651556,126.669306,37,,,내포 상록아파트 관리사무소,충청남도 홍성군 홍북읍 신경리 1176,건물옆,어미를 잃음(미아),어미를 잃음(미아),36 39 05.6,126 40 09.5,,,5,5,단순 미아
2021-1149,딱새,조강(Aves),참새목,솔딱새과,해당없음,해당없음,해당없음,2021-06-24,2021-06-24,방생,충청남도 홍성군 홍북읍 신경리 146-307,,Unknown,Juvenile,36.652861,126.67125,39,,,아파트 단지 신축 공사장,충청남도 홍성군 홍북읍 신경리 1372,건물옆,어미를 잃음(미아),어미를 잃음(미아),36 39 10.3,126 40 16.5,36 38 57.6,126 40 58.6,0,0,정상적으로 이소한 어린 개체
2021-1150,딱새,조강(Aves),참새목,솔딱새과,해당없음,해당없음,해당없음,2021-06-24,2021-06-24,방생,충청남도 홍성군 홍북읍 신경리 146-307,,Unknown,Juvenile,36.652861,126.67125,39,,,아파트 단지 신축 공사장,충청남도 홍성군 홍북읍 신경리 1372,건물옆,어미를 잃음(미아),어미를 잃음(미아),36 39 10.3,126 40 16.5,36 38 57.6,126 40 58.6,0,0,정상적으로 이소한 어린 개체
2021-1174,직박구리,조강(Aves),참새목,직박구리과,해당없음,해당없음,해당없음,2021-06-27,2021-06-29,폐사,,기타,Unknown,Juvenile,36.652861,126.67125,39,,,내포 신도시 롯데캐슬APT,충청남도 홍성군 홍북읍 신경리 1168,건물옆,어미를 잃음(미아),어미를 잃음(미아),36 39 10.3,126 40 16.5,,,50,50,뇌진탕 의심
2021-0575,참새,조강(Aves),참새목,참새과,해당없음,해당없음,해당없음,2021-05-10,2021-05-10,폐사체,,기타,Unknown,Juvenile,36.565694,126.709417,74,,,가정집 뒷마당,충청남도 홍성군 홍동면 구정리 26,숲,어미를 잃음(미아),어미를 잃음(미아),36 33 56.5,126 42 33.9,,,0,0,저체온증 및 탈진
2021-0791,참새,조강(Aves),참새목,참새과,해당없음,해당없음,해당없음,2021-05-31,2021-06-03,폐사,,기타,Unknown,Nestling,36.502528,126.624778,12,,,인도에서 발견,충청남도 홍성군 광천읍 광천리 185-24,도로변,어미를 잃음(미아),어미를 잃음(미아),36 30 09.1,126 37 29.2,,,8,9,단순 미아
2021-0935,참새,조강(Aves),참새목,참새과,해당없음,해당없음,해당없음,2021-06-07,2021-06-07,폐사체,,기타,Unknown,Juvenile,36.585194,126.657444,54,,,오피스텔 앞,충청남도 홍성군 홍성읍 남장리 214-1,건물옆,어미를 잃음(미아),어미를 잃음(미아)/둥지에서 추락,36 35 06.7,126 39 26.8,,,8,8,"추락에 의한 구강 및 비강 내 출혈, 두개골 함몰"
2021-1087,참새,조강(Aves),참새목,참새과,해당없음,해당없음,해당없음,2021-06-20,2021-07-12,방생,충청남도 예산군 예산읍 대회리 산46,,Unknown,Juvenile,36.59925,126.6805,23,36.67245016,126.8639108,홍성역 내부,충청남도 홍성군 홍성읍 고암리 442-3,건물옆,전선/건물과의 충돌,유리 구조물과의 충돌,36 35 57.3,126 40 49.8,36 40 20.8,126 51 49.4,19,18,충돌에 의한 뇌진탕
2021-1098,참새,조강(Aves),참새목,참새과,해당없음,해당없음,해당없음,2021-06-21,2021-06-22,DOA,,기타,Unknown,Juvenile,36.595889,126.669056,45,,,주소지 부근 교회 건물 앞,충청남도 홍성군 홍성읍 오관리 346-10,건물옆,전선/건물과의 충돌,유리 구조물 충돌,36 35 45.2,126 40 08.6,,,15,15,충돌에 의한 뇌진탕
2021-1315,참새,조강(Aves),참새목,참새과,해당없음,해당없음,해당없음,2021-07-09,2021-07-12,DOA,,기타,Unknown,Juvenile,36.607472,126.663694,42,,,2층주택 처마,충청남도 홍성군 홍성읍 도청대로18번길 39,건물옆,어미를 잃음(미아),어미를 잃음(미아),36 36 26.9,126 39 49.3,,,11,11,호흡곤란 및 기아
2021-1349,참새,조강(Aves),참새목,참새과,해당없음,해당없음,해당없음,2021-07-18,2021-07-18,DOA,,기타,Unknown,Nestling,36.555,126.468167,5,,,남당항 노을공원 내부,충청남도 홍성군 서부면 어사리 490-1,기타,어미를 잃음(미아),어미를 잃음(미아),36 33 18.0,126 28 05.4,,,8,8,미아
2021-1249,물총새,조강(Aves),파랑새목,물총새과,해당없음,해당없음,해당없음,2021-07-05,2021-07-06,폐사,,기타,Unknown,Adult,36.564722,126.468417,10,,,도로변,충청남도 홍성군 서부면 거차리 472-5,도로변,차량과의 충돌,차량과의 충돌,36 33 53.0,126 28 06.3,,,18,18,좌측 어깨뼈 골절
2021-0731,파랑새,조강(Aves),파랑새목,파랑새과,해당없음,해당없음,해당없음,2021-05-25,2021-05-31,안락사,,기타,Male,Adult,36.644417,126.657389,138,,,주차장 바닥,충청남도 홍성군 홍북읍 용봉산2길 87,도로변,차량과의 충돌,차량과의 충돌/차량충돌,36 38 39.9,126 39 26.6,,,102,108,우측완전골 골절
2021-1385,파랑새,조강(Aves),파랑새목,파랑새과,해당없음,해당없음,해당없음,2021-07-22,2021-07-22,폐사체,,기타,Unknown,Unknown,36.578944,126.713778,55,,,인근 도로변,충청남도 홍성군 홍동면 신기리 산 103-1,도로변,차량과의 충돌,차량과의 충돌,36 34 44.2,126 42 49.6,,,0,0,좌측 요척골 골절
2021-1534,파랑새,조강(Aves),파랑새목,파랑새과,해당없음,해당없음,해당없음,2021-08-18,2021-09-03,방생,충청남도 예산군 대흥면 갈신리 1 ,,Unknown,Juvenile,36.58975,126.665972,44,36.66816249,126.8644697,아파트 단지 내,충청남도 홍성군 홍성읍 문화로72번길 72,건물옆,전선/건물과의 충돌,유리 구조물 충돌,36 35 23.1,126 39 57.5,36 40 02.1,126 51 51.0,142,135,유리창 충돌에 의한 뇌진탕 및 부리 손상
2021-1242,후투티,조강(Aves),파랑새목,후투티과,해당없음,해당없음,해당없음,2021-07-03,2021-07-05,안락사,,기타,Unknown,Juvenile,36.65,126.691722,40,,,주소지 불명,충청남도 홍성군 홍북읍 의향로 133,기타,어미를 잃음(미아),유리 구조물 충돌 추정,36 39 00.0,126 41 30.2,,,46,42,"우측 어깨관절 탈구, 아랫부리 부정교합"
2021-0629,황로,조강(Aves),황새목,왜가리과,해당없음,해당없음,해당없음,2021-05-15,2021-05-15,안락사,,기타,Unknown,Unknown,36.608583,126.657889,35,,,도로변,충청남도 홍성군 홍성읍 소향리 145,도로변,알 수 없는 사고,알 수 없는 사고,36 36 30.9,126 39 28.4,,,156,156,우측 고관절 탈구 및 좌측 경비골 쓸린 상처
2021-0214,집박쥐,포유강(Mammalia),박쥐목,애기박쥐과,해당없음,해당없음,해당없음,2021-02-23,2021-03-19,방생,충청남도 예산군 예산읍 발연리 351-4,,Female,0년0월0일,36.59375,126.666694,52,36.69902923,126.823104,연립주택,충청남도 홍성군 홍성읍 오관리 555-3,건물옆,인공구조물 침입·고립,"인공구조물 침입,고립/민가침입",36 35 37.5,126 40 00.1,36 41 56.2,126 49 23.1,7,7,경미한 살충제 중독(추정)
2021-1410,집박쥐,포유강(Mammalia),박쥐목,애기박쥐과,해당없음,해당없음,해당없음,2021-07-25,2021-07-25,안락사,,기타,Unknown,0년0월0일,36.497028,126.697667,68,,,민가 주변,충청남도 홍성군 장곡면 신풍리 244-1,건물옆,"개, 고양이 공격",고양이 공격,36 29 49.3,126 41 51.6,,,4,4,좌측 심한 비막 열상 및 좌측 상완골 골절
2021-0130,고라니,포유강(Mammalia),소목,사슴과,해당없음,해당없음,해당없음,2021-01-25,2021-01-25,안락사,,기타,Male,0년0월0일,36.59775,126.639083,71,,,한국농어촌공사 홍성지사 주변 신도로,충청남도 홍성군 홍성읍 월산리 479-2,도로변,차량과의 충돌,차량과의 충돌/,36 35 51.9,126 38 20.7,,,15200,15200,"충돌에 의한 두부 외상 및 두개골 골절, 우측 고관절 탈구"
2021-0182,고라니,포유강(Mammalia),소목,사슴과,해당없음,해당없음,해당없음,2021-02-11,2021-02-11,폐사체,,기타,Female,1년0월0일,36.641667,126.675167,53,,,도로변,충청남도 홍성군 홍북읍 신경리 산 54-47,도로변,차량과의 충돌,차량과의 충돌/차량충돌,36 38 30.0,126 40 30.6,,,16760,16760,"HBC(횡격막 허니아, 척추 골절(L3-4))"
2021-0199,고라니,포유강(Mammalia),소목,사슴과,해당없음,해당없음,해당없음,2021-02-15,2021-02-15,DOA,,기타,Male,2년0월0일,36.509139,126.596583,45,,,도로변,충청남도 홍성군 은하면 화봉리 180-1,도로변,차량과의 충돌,차량과의 충돌/차량충돌,36 30 32.9,126 35 47.7,,,16100,16100,"충돌에 의한 우측 고관절 탈구, 경비골 골절 및 척추이상(L3-4)"
2021-0317,고라니,포유강(Mammalia),소목,사슴과,해당없음,해당없음,해당없음,2021-04-02,2021-04-02,DOA,,기타,Male,2년10월0일,36.531,126.626528,27,,,도로 옆 농수로,충청남도 홍성군 광천읍 벽계리 744,도로변,차량과의 충돌,차량과의 충돌,36 31 51.6,126 37 35.5,,,16960,16960,"HBC, 뇌진탕"
2021-0324,고라니,포유강(Mammalia),소목,사슴과,해당없음,해당없음,해당없음,2021-04-05,2021-04-09,방생,충청남도 예산군 신양면 시왕리 산 66,,Male,0년10월0일,36.528944,126.583639,58,36.61863256,126.9318531,고속도로,충청남도 홍성군 은하면 대천리 449,도로변,차량과의 충돌,차량과의 충돌,36 31 44.2,126 35 01.1,36 37 07.0,126 55 53.3,14560,14560,항문부 열상 
2021-0329,고라니,포유강(Mammalia),소목,사슴과,해당없음,해당없음,해당없음,2021-04-06,2021-04-06,안락사,,기타,Unknown,1년10월0일,36.573778,126.570667,70,,,고속도로 위 222.0,충청남도 홍성군 결성면 형산리 125,도로변,차량과의 충돌,차량과의 충돌,36 34 25.6,126 34 14.4,,,17420,17420,Tarsal joint 탈구 및 Tarsal bone 개방골절
2021-0354,고라니,포유강(Mammalia),소목,사슴과,해당없음,해당없음,해당없음,2021-04-12,2021-04-12,폐사체,,기타,Unknown,0년0월0일,36.584611,126.622778,61,,,주소지 부근 도로변,충청남도 홍성군 구항면 황곡리 287-3,도로변,차량과의 충돌,차량과의 충돌,36 35 04.6,126 37 22.0,,,0,0,차량 충돌로 인한 다발성 손상
2021-0367,고라니,포유강(Mammalia),소목,사슴과,해당없음,해당없음,해당없음,2021-04-14,2021-04-14,안락사,,기타,Male,0년10월0일,36.598917,126.581583,26,,,도로변 ,충청남도 홍성군 갈산면 동산리 1057,도로변,차량과의 충돌,차량과의 충돌,36 35 56.1,126 34 53.7,,,15780,15780,T3 척추골절
2021-0488,고라니,포유강(Mammalia),소목,사슴과,해당없음,해당없음,해당없음,2021-04-30,2021-04-30,폐사체,,기타,Unknown,0년0월0일,36.585806,126.606556,38,,,도로변,충청남도 홍성군 구항면 오봉리 698-2,도로변,차량과의 충돌,차량과의 충돌,36 35 08.9,126 36 23.6,,,0,0,심한 뇌진탕 및 스트레스로 인한 폐사
2021-0511,고라니,포유강(Mammalia),소목,사슴과,해당없음,해당없음,해당없음,2021-05-03,2021-05-03,DOA,,기타,Male,1년0월0일,36.595083,126.609083,59,,,집 뒤,충청남도 홍성군 구항면 오봉리 433-1,건물옆,차량과의 충돌,차량과의 충돌,36 35 42.3,126 36 32.7,,,13000,13000,좌측 대퇴골 골절 및 흉수
2021-0958,고라니,포유강(Mammalia),소목,사슴과,해당없음,해당없음,해당없음,2021-06-08,2021-06-08,방생,충청남도 홍성군 홍성읍 고암리 173-3,,Male,0년0월0일,36.584,126.679778,31,36.58404675,126.6797587,콘크리트 구조물,충청남도 홍성군 홍성읍 고암리 173-3,도로변,인공구조물 침입·고립,인공구조물 침입·고립,36 35 02.4,126 40 47.2,36 35 02.4,126 40 47.2,0,0,인공구조물 침입 정상 개체
2021-0986,고라니,포유강(Mammalia),소목,사슴과,해당없음,해당없음,해당없음,2021-06-10,2021-06-10,방생,충청남도 홍성군 구항면 오봉리 산 112-12,,Unknown,0년0월10일,36.589944,126.604583,55,36.59051849,126.6044375,집 뒷편 농수로,충청남도 홍성군 구항면 오봉리 654-1,농경지,어미를 잃음(미아),어미를 잃음(미아),36 35 23.8,126 36 16.5,36 35 25.7,126 36 15.7,0,0,단순 미아
2021-1048,고라니,포유강(Mammalia),소목,사슴과,해당없음,해당없음,해당없음,2021-06-15,2021-06-15,방생,충청남도 홍성군 구항면 오봉리 산106,,Unknown,1년0월0일,36.589889,126.604472,55,36.59176504,126.6052523,수로,충청남도 홍성군 구항면 오봉리 654-1,농경지,어미를 잃음(미아),어미를 잃음(미아),36 35 23.6,126 36 16.1,36 35 30.1,126 36 18.8,0,0,단순 미아
2021-1077,고라니,포유강(Mammalia),소목,사슴과,해당없음,해당없음,해당없음,2021-06-19,2021-06-19,DOA,,기타,Female,0년0월0일,36.619917,126.664,61,,,도로변,충청남도 홍성군 홍북읍 봉신리 산 95-8,도로변,차량과의 충돌,차량과의 충돌,36 37 11.7,126 39 50.4,,,0,0,차량 충돌에 의한 다발성 골절
2021-1084,고라니,포유강(Mammalia),소목,사슴과,해당없음,해당없음,해당없음,2021-06-19,2021-06-19,DOA,,기타,Male,0년0월0일,36.656611,126.66175,91,,,등산로,충청남도 홍성군 홍북읍 신경리 461-86,숲,어미를 잃음(미아), 미아,36 39 23.8,126 39 42.3,,,518,518,보살핌 받지 못해 극심한 기아 상태의 미아 추정
2021-1085,고라니,포유강(Mammalia),소목,사슴과,해당없음,해당없음,해당없음,2021-06-19,2021-06-19,DOA,,기타,Male,0년0월0일,36.656611,126.66175,91,,,등산로,충청남도 홍성군 홍북읍 신경리 461-86,숲,어미를 잃음(미아),미아,36 39 23.8,126 39 42.3,,,948,948,보살핌 받지 못해 극심한 기아 상태의 미아 추정
2021-1179,고라니,포유강(Mammalia),소목,사슴과,해당없음,해당없음,해당없음,2021-06-28,2021-06-28,안락사,,기타,Male,1년1월0일,36.626778,126.545806,54,,,내포로 1466-1 부근,충청남도 홍성군 갈산면 대사리 448,도로변,차량과의 충돌,차량과의 충돌,36 37 36.4,126 32 44.9,,,16140,16140,L5 분쇄골절
2021-1202,고라니,포유강(Mammalia),소목,사슴과,해당없음,해당없음,해당없음,2021-06-29,2021-06-29,방생,충청남도 보령시 웅천읍 관당리 산 50-3,,Male,0년1월0일,36.642861,126.663167,54,36.2480304,126.5498157,도로변,충청남도 홍성군 홍북읍 상하리 87,도로변,어미를 잃음(미아),어미를 잃음(미아),36 38 34.3,126 39 47.4,36 14 53.7,126 32 59.1,0,0,미아 개체
2021-1341,고라니,포유강(Mammalia),소목,사슴과,해당없음,해당없음,해당없음,2021-07-15,2021-11-09,방생,충청남도 예산군 봉산면 금치리 산 28,,Unknown,0년3월0일,36.531083,126.627917,18,36.77528585,126.6561067,도로변,충청남도 홍성군 광천읍 벽계리 751-1,도로변,어미를 잃음(미아),어미를 잃음(미아),36 31 51.9,126 37 40.5,36 46 30.0,126 39 21.7,1016,2974,1~2일 미흡한 관리를 받은 것으로 보이는 미아 개체
2021-1434,고라니,포유강(Mammalia),소목,사슴과,해당없음,해당없음,해당없음,2021-07-31,2021-07-31,안락사,,기타,Female,0년0월0일,36.586833,126.637667,55,,,농촌길 도로변,충청남도 홍성군 홍성읍 옥암리 919-4,도로변,차량과의 충돌,차량과의 충돌,36 35 12.6,126 38 15.6,,,16360,16360,하악골절 및 심한뇌진탕
2021-1759,고라니,포유강(Mammalia),소목,사슴과,해당없음,해당없음,해당없음,2021-10-16,2021-10-17,안락사,,기타,Female,0년5월0일,36.56375,126.489306,16,,,송촌삼거리 도로변,충청남도 홍성군 서부면 어사리 송촌삼거리,도로변,차량과의 충돌,차량과의 충돌,36 33 49.5,126 29 21.5,,,10580,10580,차량 충돌에 의한 Lt. 고관절 탈구 및 Rt. 경비골 개방 골절
2021-1762,고라니,포유강(Mammalia),소목,사슴과,해당없음,해당없음,해당없음,2021-10-18,2021-10-18,안락사,,기타,Male,0년0월0일,36.583417,126.692833,41,,,도로변,충청남도 홍성군 홍성읍 구룡리 169-2,도로변,차량과의 충돌,차량과의 충돌,36 35 00.3,126 41 34.2,,,18480,18480,L3~L4 단열
2021-1792,고라니,포유강(Mammalia),소목,사슴과,해당없음,해당없음,해당없음,2021-10-23,2021-10-23,폐사체,,기타,Unknown,0년0월0일,36.601028,126.66875,31,,,대광철물 앞 횡단보도,충청남도 홍성군 홍성읍 대교리 396-11,도로변,차량과의 충돌,차량과의 충돌,36 36 03.7,126 40 07.5,,,0,0,차량 충돌에 의한 다발성 장기 손상으로 인한 폐사 추정
2021-1914,고라니,포유강(Mammalia),소목,사슴과,해당없음,해당없음,해당없음,2021-11-17,2021-11-24,방생,충청남도 예산군 덕산면 대치리 산 33-19,,Male,0년0월0일,36.576111,126.66,62,36.6996597,126.612669,도로변,충청남도 홍성군 홍성읍 학계리 산 157,도로변,차량과의 충돌,차량과의 충돌,36 34 34.0,126 39 36.0,36 41 55.6,126 36 46.4,19780,19780,심한 뇌진탕
2021-1918,고라니,포유강(Mammalia),소목,사슴과,해당없음,해당없음,해당없음,2021-11-18,2021-11-18,안락사,,기타,Unknown,0년0월0일,36.583111,126.493667,74,,,,충청남도 홍성군 서부면 이호리 732-1,도로변,차량과의 충돌,차량과의 충돌,36 34 59.2,126 29 37.2,,,14040,14040,차량 충돌에 의한 L4 골절
2021-1967,고라니,포유강(Mammalia),소목,사슴과,해당없음,해당없음,해당없음,2021-11-27,2021-12-01,안락사,,기타,Male,0년0월0일,36.641444,126.535583,32,,,산업단지 옆 도로,충청남도 홍성군 갈산면 취생리 554,도로변,차량과의 충돌,차량과의 충돌,36 38 29.2,126 32 08.1,,,16320,16320,뇌진탕 및 좌측 골반 골절
2021-2041,고라니,포유강(Mammalia),소목,사슴과,해당없음,해당없음,해당없음,2021-12-17,2021-12-17,안락사,,기타,Female,1년7월0일,36.595583,126.677444,31,,,가정집 골목사이,충청남도 홍성군 홍성읍 충절로 938번길 29,건물옆,추락,추락,36 35 44.1,126 40 38.8,,,13740,13740,큰 충돌에 의한 Rt. 골반 골절 및 Lt. 발목허리뼈 개방성 탈구
2021-2055,고라니,포유강(Mammalia),소목,사슴과,해당없음,해당없음,해당없음,2021-12-21,2021-12-21,안락사,,기타,Male,0년0월0일,36.622722,126.675889,30,,,도로옆 수로,충청남도 홍성군 홍북읍 내덕리 745-12,도로변,차량과의 충돌,차량과의 충돌,36 37 21.8,126 40 33.2,,,12600,12600,"mandibular, temporalis 골절, 좌측 상완진구성골절, 좌측각막손상"
2021-0267,너구리,포유강(Mammalia),식육목,개과,해당없음,해당없음,해당없음,2021-03-16,2021-05-12,방생,충청남도 예산군 대흥면 갈신리 산 53,,Male,0년0월0일,36.652889,126.671222,39,36.66606467,126.8663143,롯데캐슬 아파트 단지 내,충청남도 홍성군 홍북읍 신경리 1168,건물옆,기생충 중감염,기생충 중감염/개선충 감염,36 39 10.4,126 40 16.4,36 39 56.3,126 51 38.4,4320,4560,개선충 중감염
2021-1024,너구리,포유강(Mammalia),식육목,개과,해당없음,해당없음,해당없음,2021-06-14,2021-09-08,방생,충청남도 서산시 부석면 창리 산 2,,Male,0년0월0일,36.583583,126.656222,64,36.6298228,126.3940879,한국폴리텍 대학 부지 내,충청남도 홍성군 홍성읍 남장리 220-1,건물옆,기생충 중감염,기생충 중감염/개선충 감염,36 35 00.9,126 39 22.4,36 37 47.3,126 23 38.3,938,3520,개선충 감염
2021-1025,너구리,포유강(Mammalia),식육목,개과,해당없음,해당없음,해당없음,2021-06-14,2021-09-08,방생,충청남도 서산시 부석면 창리 산 2,,Female,0년0월0일,36.583583,126.656222,64,36.6298228,126.3940879,한국폴리텍 대학 부지 내,충청남도 홍성군 홍성읍 남장리 220-1,건물옆,기생충 중감염,기생충 중감염/개선충 감염,36 35 00.9,126 39 22.4,36 37 47.3,126 23 38.3,880,2960,개선충 감염
2021-1095,너구리,포유강(Mammalia),식육목,개과,해당없음,해당없음,해당없음,2021-06-21,2021-06-21,DOA,,기타,Unknown,0년1월0일,36.581861,126.660972,55,,,건물옆,충청남도 홍성군 홍성읍 남장리 산122,건물옆,기생충 중감염,기생충 중감염/개선충증,36 34 54.7,126 39 39.5,,,734,734,개선충 중감염 및 중증의 승저증
2021-1198,너구리,포유강(Mammalia),식육목,개과,해당없음,해당없음,해당없음,2021-06-29,2021-09-08,방생,충청남도 서산시 부석면 창리 산 2,,Male,0년0월0일,36.580417,126.589944,40,36.6298228,126.3940879,가정집 창고,충청남도 홍성군 구항면 구항서길 100번길 42,건물옆,기생충 중감염,기생충 중감염/ 개선충 감염,36 34 49.5,126 35 23.8,36 37 47.3,126 23 38.3,1266,2600,개선충 중감염
2021-1199,너구리,포유강(Mammalia),식육목,개과,해당없음,해당없음,해당없음,2021-06-29,2021-09-08,방생,충청남도 서산시 부석면 창리 산 2,,Female,0년0월0일,36.580417,126.589944,40,36.6298228,126.3940879,가정집 창고,충청남도 홍성군 구항면 구항서길 100번길 42,건물옆,기생충 중감염,기생충 중감염/ 개선충 감염,36 34 49.5,126 35 23.8,36 37 47.3,126 23 38.3,1192,2620,개선충 중감염
2021-1200,너구리,포유강(Mammalia),식육목,개과,해당없음,해당없음,해당없음,2021-06-29,2021-09-30,방생,충청남도 예산군 예산읍 석양리 산 26,,Male,0년0월0일,36.580417,126.589944,40,36.70100436,126.8447788,가정집 창고,충청남도 홍성군 구항면 구항서길 100번길 42,건물옆,기생충 중감염,기생충 중감염/ 개선충 감염,36 34 49.5,126 35 23.8,36 42 03.1,126 50 43.1,1296,3686,개선충 중감염
2021-1201,너구리,포유강(Mammalia),식육목,개과,해당없음,해당없음,해당없음,2021-06-29,2021-09-08,방생,충청남도 서산시 부석면 창리 산 2,,Female,0년0월0일,36.580417,126.589944,40,36.6298228,126.3940879,가정집 창고,충청남도 홍성군 구항면 구항서길 100번길 42,건물옆,기생충 중감염,기생충 중감염/ 개선충 감염,36 34 49.5,126 35 23.8,36 37 47.3,126 23 38.3,1356,4000,개선충 중감염
2021-1206,너구리,포유강(Mammalia),식육목,개과,해당없음,해당없음,해당없음,2021-06-30,2021-09-08,방생,충청남도 서산시 부석면 창리 산 2,,Female,0년2월0일,36.647778,126.680361,48,36.6298228,126.3940879,아파트 화단,충청남도 홍성군 홍북읍 홍예로 213,건물옆,기생충 중감염,기생충 중감염/개선충,36 38 52.0,126 40 49.3,36 37 47.3,126 23 38.3,688,3060,개선충 감염
2021-1207,너구리,포유강(Mammalia),식육목,개과,해당없음,해당없음,해당없음,2021-06-30,2021-07-22,안락사,,기타,Male,0년2월0일,36.584528,126.658972,54,,,카센터 주차장,충청남도 홍성군 홍성읍 충서로1216번길 6-34,건물옆,기생충 중감염,기생충 중감염/개선충 감염,36 35 04.3,126 39 32.3,,,874,1530,개선충 중감염
2021-1209,너구리,포유강(Mammalia),식육목,개과,해당없음,해당없음,해당없음,2021-06-28,2021-09-30,방생,충청남도 예산군 예산읍 석양리 산 26,,Male,0년2월0일,36.580417,126.589944,40,36.70100436,126.8447788,가정집 창고,충청남도 홍성군 구항면 구항서길 100번길 42,건물옆,기생충 중감염,기생충 중감염/개선충 감염,36 34 49.5,126 35 23.8,36 42 03.1,126 50 43.1,1120,3770,개선충 중감염
2021-1221,너구리,포유강(Mammalia),식육목,개과,해당없음,해당없음,해당없음,2021-06-28,2021-08-12,방생,충청남도 예산군 대흥면 교촌리 산 7-105,,Male,0년0월0일,36.557417,126.689139,40,36.62031323,126.779314,홍동초등학교,충청남도 홍성군 홍동면 홍장남로672번길 59,숲,기생충 중감염,기생충 중감염,36 33 26.7,126 41 20.9,36 37 00.2,126 46 20.7,4560,4780,기생충 중감염
2021-1233,너구리,포유강(Mammalia),식육목,개과,해당없음,해당없음,해당없음,2021-07-02,2021-07-04,폐사,,기타,Unknown,0년0월0일,36.580417,126.589944,40,,,가정집 창고,충청남도 홍성군 구항면 구항서길 100번길 42,건물옆,기생충 중감염,기생충 중감염,36 34 49.5,126 35 23.8,,,980,980,기생충 중감염
2021-1522,너구리,포유강(Mammalia),식육목,개과,해당없음,해당없음,해당없음,2021-08-14,2021-08-14,안락사,,기타,Male,0년4월0일,36.589528,126.657556,51,,,주소지 부근 도로 갓길,충청남도 홍성군 홍성읍 옥암리 271-8 ,도로변,차량과의 충돌,차량과의 충돌,36 35 22.3,126 39 27.2,,,1800,1800,"L3골절, 개선충 및 승저증"
2021-1757,너구리,포유강(Mammalia),식육목,개과,해당없음,해당없음,해당없음,2021-10-16,2021-10-16,DOA,,기타,Female,0년0월0일,36.652861,126.67125,39,,,청남프라자1차 지하주차장,충청남도 홍성군 홍북읍 신경리 550,건물옆,기생충 중감염,기생충 중감염/ 개선충,36 39 10.3,126 40 16.5,,,3700,3700,개선충 중감염
2021-1817,너구리,포유강(Mammalia),식육목,개과,해당없음,해당없음,해당없음,2021-10-28,2022-02-22,방생,충청남도 서산시 부석면 마룡리 523-16 ,,Male,0년0월0일,36.597639,126.666,32,36.63875502,126.391016,하천,충청남도 홍성군 홍성읍 오관리 361-26,"강, 바다",기생충 중감염,기생충 중감염/개선충 감염,36 35 51.5,126 39 57.6,36 38 15.7,126 23 20.9,3960,4870,개선충 중감염
2021-1844,너구리,포유강(Mammalia),식육목,개과,해당없음,해당없음,해당없음,2021-11-03,2022-03-25,방생,충청남도 서산시 부석면 마룡리 산 198,,Male,0년0월0일,36.595139,126.638972,60,36.63944278,126.383956,농경지,충청남도 홍성군 홍성읍 백월로 61번길 5,농경지,기생충 중감염,기생충 중감염/개선충 감염,36 35 42.5,126 38 20.3,36 38 18.6,126 23 03.5,3500,5460,개선충 중감염
2021-1876,너구리,포유강(Mammalia),식육목,개과,해당없음,해당없음,해당없음,2021-11-10,2022-03-03,방생,충청남도 서산시 부석면 마룡리 544-1,,Male,0년0월0일,36.600361,126.669278,33,36.64176789,126.3842421,시네마모텔 주차장,충청남도 홍성군 홍성읍 오관리 329-2,건물옆,기생충 중감염,기생충 중감염/개선충,36 36 01.3,126 40 09.4,36 38 29.2,126 23 05.0,3860,4480,개선충 중감염
2021-2082,너구리,포유강(Mammalia),식육목,개과,해당없음,해당없음,해당없음,2021-12-31,2022-03-10,방생,충청남도 서산시 해미면 황락리 산 31-2 ,,Male,0년0월0일,36.54375,126.605056,56,36.71997529,126.5784814,농경지 주변 가정집,충청남도 홍성군 은하면 장곡리 121-1,농경지,기생충 중감염,기생충 중감염/개선충,36 32 37.5,126 36 18.2,36 43 15.5,126 34 37.6,3760,4450,개선충 중감염
2021-1610,오소리,포유강(Mammalia),식육목,족제비과,해당없음,해당없음,해당없음,2021-09-03,2021-09-03,안락사,,기타,Female,0년0월0일,36.573,126.68225,27,,,농경지,충청남도 홍성군 홍성읍 송월리 521,농경지,덫,덫,36 34 22.8,126 40 56.1,,,5050,5050,우측 상완골 개방골절 및 신경 혈관 단열
2022-1586,청딱다구리,조강(Aves),딱다구리목,딱다구리과,해당없음,해당없음,해당없음,2022-07-11,2022-07-11,DOA,,기타,Unknown,Adult,36.39.304,126.40.218,39,,,충남도청 남문방면,충남 홍성군 홍북읍 충남대로 21,건물옆, - 전선/건물과의 충돌,유리 구조물 충돌,,,,,114,114,유리창 충돌에 의한 중증의 뇌진탕
2022-0265,멧비둘기,조강(Aves),비둘기목,비둘기과,해당없음,해당없음,해당없음,2022-02-22,2022-02-22,DOA,,폐기,Unknown,Adult,36.36.325,126.42.083,26,,,벽돌공장 사무실앞,충남 홍성군 금마면 신곡리 318-15,건물옆, - 전선/건물과의 충돌,유리 구조물 충돌,,,,,250,250,유리창 충돌에 의한 뇌진탕
2022-0531,멧비둘기,조강(Aves),비둘기목,비둘기과,해당없음,해당없음,해당없음,2022-04-27,2022-05-03,방생,충남 홍성군 갈산면 오두리 산 9-1,,Unknown,Adult,36.35.340,126.32.244,59,,,건물안,충남 홍성군 갈산면 행산리 417-9,건물옆, - 인공구조물 침입·고립,"인공구조물 침입, 고립",,,,,208,222,뇌진탕 상부호흡기 출혈
2022-0557,멧비둘기,조강(Aves),비둘기목,비둘기과,해당없음,해당없음,해당없음,2022-05-03,2022-05-23,방생,충남 아산시 배방읍 장재리 1351,,Unknown,Nestling,36.39.338,126.40.417,34,,,도로 옆 화단,충남 홍성군 홍북읍 신경리 1735,도로변, - 자연적 사고,자연적 사고/까치 공격,,,,,150,186,"미아 및 까치 공격에 의한 좌측 둔부, 허벅지 열상"
2022-0739,멧비둘기,조강(Aves),비둘기목,비둘기과,해당없음,해당없음,해당없음,2022-05-13,2022-06-22,방생,충남 아산시 도고면 석당리 산 90,,Unknown,Nestling,36.36.035,126.40.329,26,,,롯데마트 주차장 출구 인근 보도블럭,충남 홍성군 홍성읍 고암리 1042,건물옆, - 어미를 잃음(미아),어미를 잃음(미아)/미아,,,,,84,172,"열상(좌측 상완, 후두부, 상안검, 목)"
2022-1449,멧비둘기,조강(Aves),비둘기목,비둘기과,해당없음,해당없음,해당없음,2022-06-29,2022-07-18,안락사,,폐기,Unknown,Nestling,36.35.433,126.39.247,34,,,홍성우체국 주차장 ,충남 홍성군 홍성읍 옥암리 1070,건물옆, - 어미를 잃음(미아),어미를 잃음(미아)/,,,,,100,154,미아
2022-1521,멧비둘기,조강(Aves),비둘기목,비둘기과,해당없음,해당없음,해당없음,2022-07-04,2022-08-14,안락사,,폐기,Unknown,Juvenile,36.39.103,126.40.165,39,,,건설현장 철근,충남 홍성군 홍북면 신경리 581,건물옆, - 인공구조물 침입·고립,"인공구조물 침입, 고립",,,,,142,160,좌측 경비골 원위부 폐쇄골절 
2022-1522,멧비둘기,조강(Aves),비둘기목,비둘기과,해당없음,해당없음,해당없음,2022-07-04,2022-07-04,방생,충남 홍성군 홍북면 신경리,,Unknown,Juvenile,36.39.103,126.40.165,39,,,건설현장 철근,충남 홍성군 홍북면 신경리 581,건물옆, - 인공구조물 침입·고립,"인공구조물 침입, 고립",,,,,0,0,단순 미아
2022-1800,멧비둘기,조강(Aves),비둘기목,비둘기과,해당없음,해당없음,해당없음,2022-07-31,2022-08-01,안락사,,냉동(신냉동창고)(투입박스(일반)),Unknown,Unknown,36.35.553,126.40.195,44,,,교회 주차장,충남 홍성군 홍성읍 의사로22번길 13,건물옆, - 바이러스 감염,바이러스 감염/폭스바이러스,,,,,0,0,Avian pox virus infection.
2022-1835,멧비둘기,조강(Aves),비둘기목,비둘기과,해당없음,해당없음,해당없음,2022-08-05,2022-08-05,방생,충남 홍성군 홍북면 대인리 580-1,,Unknown,Nestling,36.38.145,126.43.375,26,,,가정집 앞마당,충남 홍성군 홍북면 대인리 580-1,건물옆, - 어미를 잃음(미아),어미를 잃음(미아),,,,,0,0,단순 미아
2022-2062,멧비둘기,조강(Aves),비둘기목,비둘기과,해당없음,해당없음,해당없음,2022-09-15,2022-09-15,DOA,,폐기,Unknown,Nestling,36.36.211,126.38.589,58,,,홍성세무서 왼편 주차장 상,충남 홍성군 홍성읍 소향리 384-2,건물옆, - 어미를 잃음(미아),어미를 잃음(미아),,,,,96,96,미아
2022-2239,멧비둘기,조강(Aves),비둘기목,비둘기과,해당없음,해당없음,해당없음,2022-10-28,2022-10-30,폐사,,폐기,Unknown,Juvenile,36.35.475,126.39.137,45,,,주소지 인근 생활도로상,충남 홍성군 홍성읍 내포로146번길 25,건물옆, - 전선/건물과의 충돌,유리 구조물 충돌,,,,,198,182,"유리창 충돌에 의한 뇌진탕, 쇄골, 오훼골 골절 및 척추 손상"
2022-2359,멧비둘기,조강(Aves),비둘기목,비둘기과,해당없음,해당없음,해당없음,2022-11-23,2022-12-30,방생,충남 공주시 반포면 하신리 산 1,,Unknown,Juvenile,36.38.449,126.40.250,0,,,모아엘가아파트 관리사무소 2층 독서실 야외공간,충남 홍성군 홍북읍 홍학로 88,건물옆, - 전선/건물과의 충돌,유리 구조물 충돌,,,,,178,178,"좌측 2지 골절, 좌측 오훼골 후방탈구"
2022-2385,멧비둘기,조강(Aves),비둘기목,비둘기과,해당없음,해당없음,해당없음,2022-12-01,2022-12-11,폐사,,냉동,Unknown,Juvenile,36.38.449,126.40.250,0,,,모아엘가아파트 관리사무소 2층 테라스 ,충남 홍성군 홍북읍 홍학로 88,건물옆, - 전선/건물과의 충돌,유리 구조물 충돌,,,,,162,147,유리 구조물 충돌에 의한 경증 뇌진탕 및 개구호흡
2022-2442,멧비둘기,조강(Aves),비둘기목,비둘기과,해당없음,해당없음,해당없음,2022-12-14,2022-12-14,폐사체,,냉동(신냉동창고)(투입박스(일반)),Unknown,Adult,36.30.007,126.38.501,0,,,베이커리 앞 인도상,충남 홍성군 홍성읍 월산로50번길 23,건물옆, - 바이러스 감염,바이러스 감염/폭스 바이러스 감염,,,,,0,0,폭스 바이러스 감염
2022-1570,집비둘기,조강(Aves),비둘기목,비둘기과,해당없음,해당없음,해당없음,2022-07-08,2022-08-01,방생,충남 예산군 예산읍 향천리 산66-4,,Unknown,Adult,36.39.023,126.40.418,37,,,애견샵 쇼독 앞 도로상 자동차 아래,충남 홍성군 홍북읍 신경리 669,건물옆, - 전선/건물과의 충돌,유리 구조물 충돌,,,,,290,291,유리창 충돌에 의한 중증 뇌진탕
2022-2144,집비둘기,조강(Aves),비둘기목,비둘기과,해당없음,해당없음,해당없음,2022-10-06,2022-10-10,폐사,,냉동(신냉동창고)(투입박스(일반)),Unknown,Nestling,36.35.360,126.40.242,38,,,아파트 실외기,충남 홍성군 홍성읍 고암리 1077,건물옆, - 어미를 잃음(미아),어미를 잃음(미아),,,,,12.15,10.51,미아
2022-1995,쏙독새,조강(Aves),쏙독새목,쏙독새과,해당없음,해당없음,해당없음,2022-09-01,2023-05-15,방생,충남 공주시 금학동 산58-1,,Unknown,Juvenile,36.34.062,126.30.053,42,,,상세주소미상,충남 홍성군 서부면 서부로 295-24,기타, - 부적절한 사육,부적절한 사육,,,,,54,79.3,부적절한 사육에 의한 발달 장애
2022-0612,까치,조강(Aves),참새목,까마귀과,해당없음,해당없음,해당없음,2022-05-08,2022-05-08,방생,충남 홍성군 홍성읍 문화로 80번길 32-14,,Unknown,Juvenile,36.35.387,126.39.523,56,,,경성큰마을아파트 놀이터,충남 홍성군 홍성읍 문화로 80번길 32-14,건물옆, - 어미를 잃음(미아),어미를 잃음(미아),,,,,136,136,단순미아
2022-0613,까치,조강(Aves),참새목,까마귀과,해당없음,해당없음,해당없음,2022-05-08,2022-05-08,방생,충남 홍성군 홍성읍 문화로 80번길 32-14,,Unknown,Juvenile,36.35.387,126.39.523,56,,,경성큰마을아파트 내 놀이터,충남 홍성군 홍성읍 문화로 80번길 32-14,건물옆, - 어미를 잃음(미아),어미를 잃음(미아),,,,,150,150,단순미아
2022-0614,까치,조강(Aves),참새목,까마귀과,해당없음,해당없음,해당없음,2022-05-08,2022-05-08,폐사체,,폐기,Unknown,Juvenile,36.39.125,126.41.022,35,,,자경마을중흥에스클래스 내,충남 홍성군 홍북읍 자경로 17,건물옆, - 어미를 잃음(미아),어미를 잃음(미아),,,,,0,0,부리 기형
2022-0625,까치,조강(Aves),참새목,까마귀과,해당없음,해당없음,해당없음,2022-05-08,2022-05-09,DOA,,기타(협조),Unknown,Juvenile,36.35.385,126.40.256,34,,,정문 경비실,충남 홍성군 홍성읍 충절로 953번길 20,전선, - 어미를 잃음(미아),어미를 잃음(미아),,,,,148,148,"심한 호흡불량, 뇌진탕 추정"
2022-0699,까치,조강(Aves),참새목,까마귀과,해당없음,해당없음,해당없음,2022-05-12,2022-06-03,방생,충남 예산군 오가면 원평리 8-1,,Unknown,Juvenile,36.35.024,126.28.335,30,,,전신주 아래,충남 홍성군 서부면 서부서길 633-49,건물옆, - 어미를 잃음(미아),어미를 잃음(미아),,,,,148,167,단순미아
2022-0723,까치,조강(Aves),참새목,까마귀과,해당없음,해당없음,해당없음,2022-05-12,2022-06-02,안락사,,냉동(신냉동창고)(투입박스(일반)),Unknown,Nestling,36.35.376,126.40.052,51,,,주소지 부근,충남 홍성군 홍성읍 홍장북로441번길 5,건물옆, - 어미를 잃음(미아),어미를 잃음(미아),,,,,112,127,"우측 척골 골절, 좌측 major digit 좌상"
2022-0743,까치,조강(Aves),참새목,까마귀과,해당없음,해당없음,해당없음,2022-05-14,2022-05-14,DOA,,냉동(신냉동창고)(투입박스(일반)),Unknown,Juvenile,36.36.322,126.42.061,27,,,,충남 홍성군 금마면 충서로 1900,건물옆, - 어미를 잃음(미아),어미를 잃음(미아),,,,,134,134,양측 발가락 신경 이상
2022-0744,까치,조강(Aves),참새목,까마귀과,해당없음,해당없음,해당없음,2022-05-14,2022-05-14,방생,충청 홍성군 금마면 충서로 1900,,Unknown,Juvenile,36.36.322,126.42.061,27,,,,충남 홍성군 금마면 충서로 1900,건물옆, - 어미를 잃음(미아),어미를 잃음(미아),,,,,0,0,미아
2022-0774,까치,조강(Aves),참새목,까마귀과,해당없음,해당없음,해당없음,2022-05-16,2022-05-31,방생,충남 예산군 덕산면 둔리 산 50,,Unknown,Juvenile,36.38.511,126.40.508,49,,,LH아파트 단지 내부,충남 홍성군 홍북읍 홍예로 213,건물옆, - 어미를 잃음(미아),어미를 잃음(미아),,,,,116,152,단순미아
2022-0895,까치,조강(Aves),참새목,까마귀과,해당없음,해당없음,해당없음,2022-05-22,2022-06-30,안락사,,폐기,Unknown,Juvenile,36.39.103,126.40.165,39,,,롯데캐슬아파트와 효성해링턴아파트 사이 가로수 아래,충남 홍성군 홍북읍 신경리 1802,건물옆, - 어미를 잃음(미아),어미를 잃음(미아),,,,,112,161.8,좌측 발 힘이 떨어지는 미아 개체
2022-0924,까치,조강(Aves),참새목,까마귀과,해당없음,해당없음,해당없음,2022-05-24,2022-05-26,폐사,,냉동(신냉동창고)(투입박스(일반)),Unknown,Juvenile,36.36.014,126.38.549,47,,,홍성검찰청 옆,충남 홍성군 홍성읍 법원로 40,건물옆, - 어미를 잃음(미아),어미를 잃음(미아),,,,,134,122,우측 요척골 폐쇄골절(Green stcik fx.)
2022-0966,까치,조강(Aves),참새목,까마귀과,해당없음,해당없음,해당없음,2022-05-27,2022-06-03,폐사,,냉동(신냉동창고)(투입박스(일반)),Unknown,Juvenile,36.35.521,126.39.598,32,,,2층 복도,충남 홍성군 홍성읍 충절로1053번길 41,건물옆, - 어미를 잃음(미아),어미를 잃음(미아),,,,,186,180,가골이 형성된 우측 요골 폐쇄골절 및 우측 입천장 천공
2022-0968,까치,조강(Aves),참새목,까마귀과,해당없음,해당없음,해당없음,2022-05-27,2022-05-27,안락사,,냉동(신냉동창고)(투입박스(일반)),Unknown,Juvenile,36.36.348,126.43.373,70,,,주소지 건물 복도,충남 홍성군 금마면 금마로 41-41,건물옆, - 알 수 없는 사고,알 수 없는 사고,,,,,150,150,우측 경비골 부정유합
2022-0975,까치,조강(Aves),참새목,까마귀과,해당없음,해당없음,해당없음,2022-04-28,2022-06-08,방생,충남 천안시 동남구 풍세면 삼태리 산 28-1,,Unknown,Adult,36.36.348,126.43.373,70,,,건물옆,충남 홍성군 금마면 금마로 41-41,건물옆, - 부적절한 사육,부적절한 사육,,,,,164,167,좌측 발 힘이 약간 떨어지는 미아 개체
2022-1013,까치,조강(Aves),참새목,까마귀과,해당없음,해당없음,해당없음,2022-05-30,2022-08-16,방생,충남 예산군 신양면 귀곡리 산99-4,,Unknown,Juvenile,36.30.203,126.37.509,16,,,주소지 부근 건물 옆,충남 홍성군 광천읍 홍남로 729,건물옆, - 전선/건물과의 충돌,유리 구조물 충돌,,,,,166,188,"쇄골, 오훼골 골절, 부리 틀어짐, 우안 부종 및 출혈"
2022-1221,물까치,조강(Aves),참새목,까마귀과,해당없음,해당없음,해당없음,2022-06-10,2022-06-10,방생,충남 홍성군 충서로1190번길 85,,Unknown,Juvenile,36.34.539,126.39.230,71,,,주소지 부근 건물 옆,충남 홍성군 충서로1190번길 85,건물옆, - 어미를 잃음(미아),어미를 잃음(미아),,,,,0,0,미아로 오인한 정상 이소 개체
2022-1222,물까치,조강(Aves),참새목,까마귀과,해당없음,해당없음,해당없음,2022-06-10,2022-06-10,방생,충남 홍성군 충서로1190번길 85,,Unknown,Juvenile,36.34.539,126.39.230,71,,,주소지 부근 건물 옆,충남 홍성군 충서로1190번길 85,건물옆, - 어미를 잃음(미아),어미를 잃음(미아),,,,,0,0,미아로 오인한 정상 이소 개체
2022-0154,동박새,조강(Aves),참새목,동박새과,해당없음,해당없음,해당없음,2022-01-18,2022-01-21,방생,충남 홍성군 홍북읍 상하리 산 35-1,,Unknown,Adult,36.36.071,126.39.029,38,,,아파트 단지,충남 홍성군 홍성읍 월산로30번길 38,건물옆, - 전선/건물과의 충돌,유리 구조물 충돌,,,,,12,11.45,충돌에 의한 뇌진탕
2022-0927,박새,조강(Aves),참새목,박새과,해당없음,해당없음,해당없음,2022-05-25,2022-05-25,안락사,,냉동(신냉동창고)(투입박스(일반)),Unknown,Juvenile,36.36.253,126.39.485,0,,,주소지 건물 옆,충남 홍성군 홍성읍 도청대로18번길 21-3,건물옆," - 개, 고양이 공격",고양이 공격,,,,,12.87,12.87,우측 경비골 골절 및 다리 신경 손상
2022-0955,딱새,조강(Aves),참새목,솔딱새과,해당없음,해당없음,해당없음,2022-05-26,2022-05-29,폐사,,냉동(신냉동창고)(투입박스(일반)),Unknown,Juvenile,36.36.501,126.42.102,22,,,아파트단지 내 화단,충남 홍성군 홍북읍 신대로 34,건물옆, - 어미를 잃음(미아),어미를 잃음(미아),,,,,15.2,10.15,미아
2022-1392,딱새,조강(Aves),참새목,솔딱새과,해당없음,해당없음,해당없음,2022-06-23,2022-07-21,방생,충남 예산군 예산읍 대회리 270-4,,Female,Adult,36.37.041,126.44.305,33,,,가택 내 마당,충남 홍성군 금마면 인산리 503,건물옆, - 끈끈이,끈끈이,,,,,14.5,17.2,끈끈이에 의한 탈진
2022-1393,딱새,조강(Aves),참새목,솔딱새과,해당없음,해당없음,해당없음,2022-06-23,2022-06-28,방생,충남 예산군 예산읍 발연리 산1-1,,Unknown,Juvenile,36.37.041,126.44.305,33,,,가택 내 마당,충남 홍성군 금마면 인산리 503,건물옆, - 끈끈이,끈끈이,,,,,13.4,13.32,끈끈이에 의한 탈진
2022-0431,제비,조강(Aves),참새목,제비과,해당없음,해당없음,해당없음,2022-04-12,2022-04-12,DOA,,냉동(신냉동창고)(투입박스(일반)),Unknown,Adult,36.37.040,126.44.304,32,,,가정집,충남 홍성군 금마면 봉수산로 742,건물옆, - 끈끈이,끈끈이,,,,,14,0,끈끈이에 의한 피부 발적
2022-0432,제비,조강(Aves),참새목,제비과,해당없음,해당없음,해당없음,2022-04-12,2022-04-16,폐사,,냉동(신냉동창고),Unknown,Adult,36.37.040,126.44.304,32,,,가정집,충남 홍성군 금마면 봉수산로 742,건물옆, - 끈끈이,끈끈이,,,,,16,13.79,끈끈이에 의한 피부 발적
2022-1793,제비,조강(Aves),참새목,제비과,해당없음,해당없음,해당없음,2022-07-30,2022-08-27,방생,충남 예산군 예산읍 예산리 334-25,,Unknown,Nestling,36.38.567,126.40.384,38,,,아파트 단지 내 쓰레기장,충남 홍성군 홍북면 신경리 1204,건물옆, - 어미를 잃음(미아),어미를 잃음(미아),,,,,11.5,13.57,단순 미아
2022-0414,되지빠귀,조강(Aves),참새목,지빠귀과,해당없음,해당없음,해당없음,2022-04-07,2022-04-07,DOA,,냉동(신냉동창고)(투입박스(일반)),Unknown,Unknown,36.35.143,126.30.461,20,,,주소지 건물옆,충남 홍성군 서부면 서부로595번길 28,건물옆," - 개, 고양이 공격","개, 고양이 공격",,,,,44,44,"좌측 부척골절, 우측 완전골 열상, 흉근 교상"
2022-0903,호랑지빠귀,조강(Aves),참새목,지빠귀과,해당없음,해당없음,해당없음,2022-05-22,2022-06-20,방생,충남 예산군 예산읍 향천리 산 18-7,,Unknown,Adult,36.36.088,126.40.160,29,,,상세주소미상,충남 홍성군 홍성읍 의사로 55-1(주소 미상),건물옆, - 전선/건물과의 충돌,유리구조물 충돌,,,,,126,127,유리창 충돌에 의한 좌측 오훼골 골절
2022-0882,찌르레기,조강(Aves),참새목,찌르레기과,해당없음,해당없음,해당없음,2022-05-20,2022-06-20,방생,충남 예산군 예산읍 향천리 111-5,,Unknown,Juvenile,36.34.585,126.39.512,57,,,건물 앞,충남 홍성군 홍성읍 남장2길 86,건물옆, - 어미를 잃음(미아),어미를 잃음(미아),,,,,56.8,78,단순 미아
2022-1243,참새,조강(Aves),참새목,참새과,해당없음,해당없음,해당없음,2022-06-12,2022-06-12,DOA,,냉동(신냉동창고)(투입박스(일반)),Unknown,Nestling,36.29.364,126.37.123,5,,,청하횟집 앞 나무,충남 홍성군 광천읍 광천로 195,건물옆, - 어미를 잃음(미아),어미를 잃음(미아),,,,,9.29,9.29,저체온증
2022-1574,참새,조강(Aves),참새목,참새과,해당없음,해당없음,해당없음,2022-07-08,2022-07-11,폐사,,기타,Unknown,Juvenile,36.39.363,126.40.469,35,,,건물 외벽 테라스,충남 홍성군 홍북읍 신경리 550,건물옆, - 전선/건물과의 충돌,유리 구조물 충돌/유리창 충돌,,,,,16.28,12.8,유리창 충돌에 의한 신경 손상
2022-1576,파랑새,조강(Aves),파랑새목,파랑새과,해당없음,해당없음,해당없음,2022-07-09,2022-08-16,방생,충남 예산군 대흥면 갈신리 산 53,,Unknown,Nestling,36.32.110,126.29.074,10,,,민가 옆 나무,충남 홍성군 서부면 남당항로98번길 53,건물옆, - 어미를 잃음(미아),어미를 잃음(미아),,,,,63.79,127,단순 미아
2022-1577,파랑새,조강(Aves),파랑새목,파랑새과,해당없음,해당없음,해당없음,2022-07-09,2022-08-16,방생,충남 예산군 대흥면 갈신리 산53,,Unknown,Nestling,36.32.110,126.29.074,10,,,민가 옆 나무,충남 홍성군 서부면 남당항로98번길 53,건물옆, - 어미를 잃음(미아),어미를 잃음(미아),,,,,62.92,137,단순 미아
2022-2142,중대백로㉵,조강(Aves),황새목,왜가리과,해당없음,해당없음,해당없음,2022-10-06,2022-10-10,폐사,,폐기,Unknown,Unknown,36.35.523,126.26.557,2,,,도로변,충남 홍성군 서부면 궁리 1023,도로변, - 차량과의 충돌,차량과의 충돌,,,,,952,858,"경증의 뇌진탕, 피하기종, 다리 열상"
2022-1999,중백로,조강(Aves),황새목,왜가리과,해당없음,해당없음,해당없음,2022-09-02,2022-09-02,안락사,,폐기,Unknown,Unknown,36.35.576,126.42.208,47,,,농경지 옆 가정집 근처,충남 홍성군 금마면 홍양길43번길 94-54,농경지, - 전선/건물과의 충돌,전선과의 충돌/,,,,,368,368,우측 상완골 개방골절
2022-0003,고라니,포유강(Mammalia),소목,사슴과,해당없음,해당없음,해당없음,2022-01-01,2022-01-01,DOA,,폐기,Male,0년0월0일,36.35.435,126.38.086,88,,,가정집과 산지 경계 부근,충남 홍성군 홍성읍 백월로61번길 75,건물옆, - 총상,총상,,,,,"16,060","16,060",다발성 총상
2022-0005,고라니,포유강(Mammalia),소목,사슴과,해당없음,해당없음,해당없음,2022-01-02,2022-01-03,DOA,,폐기,Male,1년6월0일,36.36.314,126.39.467,39,,,도로변,충남 홍성군 홍성읍 대교리 219-15,도로변, - 차량과의 충돌,차량과의 충돌,,,,,"17,940","17,940",심한 뇌진탕
2022-0134,고라니,포유강(Mammalia),소목,사슴과,해당없음,해당없음,해당없음,2022-01-13,2022-01-25,안락사,,폐기,Female,2년8월0일,36.38.507,126.40.594,44,,,가람유치원 앞 도로,충남 홍성군 홍북읍 신경리 1377,도로변, - 차량과의 충돌,차량과의 충돌,,,,,"17,680","17,680",차량 충돌에 의한 중증의 뇌진탕
2022-0147,고라니,포유강(Mammalia),소목,사슴과,해당없음,해당없음,해당없음,2022-01-16,2022-01-16,폐사체,,폐기,Male,0년0월0일,36.37.075,126.43.356,42,,,도로 삼거리 ,충남 홍성군 금마면 부평리 727-2,도로변, - 차량과의 충돌,차량과의 충돌,,,,,0,0,심한뇌진탕
2022-0222,고라니,포유강(Mammalia),소목,사슴과,해당없음,해당없음,해당없음,2022-02-04,2022-02-04,DOA,,폐기,Unknown,0년0월0일,36.35.000,126.38.316,60,,,마을회관 옆 도로,충남 홍성군 홍성읍 옥암리 924,도로변, - 차량과의 충돌,차량과의 충돌,,,,,"15,380","15,380","심한 뇌진탕, 목덜미 작은 열상"
2022-0231,고라니,포유강(Mammalia),소목,사슴과,해당없음,해당없음,해당없음,2022-02-09,2022-02-09,방생,충남 홍성군 홍동면 팔괘리 696,,Male,0년0월0일,36.33.437,126.41.227,45,,,아파트 단지 공터,충남 홍성군 홍동면 구정리 711-4,건물옆, - 인공구조물 침입·고립,"인공구조물 침입, 고립/펜스 고립",,,,,0,0,단순 고립
2022-0232,고라니,포유강(Mammalia),소목,사슴과,해당없음,해당없음,해당없음,2022-02-09,2022-02-09,방생,충남 홍성군 홍동면 팔괘리 696,,Female,0년0월0일,36.33.437,126.41.227,45,,,아파트 단지 공터,충남 홍성군 홍동면 구정리 711-4,건물옆, - 인공구조물 침입·고립,"인공구조물 침입, 고립/펜스 고립",,,,,0,0,단순 고립
2022-0291,고라니,포유강(Mammalia),소목,사슴과,해당없음,해당없음,해당없음,2022-03-04,2022-03-04,안락사,,폐기,Female,0년0월0일,36.31.586,126.46.141,29,,,도로변,충남 홍성군 장곡면 천태리 691-6,도로변, - 차량과의 충돌,차량과의 충돌,,,,,"16,700","16,700","Lt. metacarpal bone 개방 골절, hernia"
2022-0321,고라니,포유강(Mammalia),소목,사슴과,해당없음,해당없음,해당없음,2022-03-13,2022-03-13,안락사,,폐기,Female,0년0월0일,36.35.346,126.38.273,51,,,도로변,충남 홍성군 홍성읍 백월로 41-12,도로변, - 차량과의 충돌,차량과의 충돌,,,,,"19,180","19,180",양후지 골절
2022-0329,고라니,포유강(Mammalia),소목,사슴과,해당없음,해당없음,해당없음,2022-03-16,2022-03-18,안락사,,폐기,Male,0년0월0일,36.35.034,126.39.251,59,,,한국자동차공업사 내,충남 홍성군 홍성읍 충서로1216번길 6-6 ,건물옆, - 차량과의 충돌,차량과의 충돌,,,,,"14,420","14,420","좌우 골반골절, 우측 부척 탈구 및 노출"
2022-0346,고라니,포유강(Mammalia),소목,사슴과,해당없음,해당없음,해당없음,2022-03-22,2022-03-22,폐사체,,폐기,Male,1년10월0일,36.35.174,126.40.585,31,,,도로변,충남 홍성군 홍성읍 고암리 86,도로변, - 차량과의 충돌,차량과의 충돌,,,,,"14,260","14,260",차량 충돌에 의한 내부 장기 다발성 손상 및 중증의 두부 손상
2022-0382,고라니,포유강(Mammalia),소목,사슴과,해당없음,해당없음,해당없음,2022-03-29,2022-03-29,안락사,,폐기,Unknown,0년0월0일,36.35.306,126.40.447,29,,,도로옆,충남 홍성군 홍성읍 고암리 907-11,도로변, - 차량과의 충돌,차량과의 충돌,,,,,"13,880","13,880","우측대퇴, 부척 골절, 좌측 metacarpal bone open fx."
2022-0455,고라니,포유강(Mammalia),소목,사슴과,해당없음,해당없음,해당없음,2022-04-18,2022-04-18,안락사,,폐기,Female,0년0월0일,36.34.527,126.42.062,64,,,도로변,충남 홍성군 홍동면 신기리 815-9,도로변, - 차량과의 충돌,차량과의 충돌,,,,,"15,340","15,340",천골 골절 및 좌측 고관절 탈구
2022-0498,고라니,포유강(Mammalia),소목,사슴과,해당없음,해당없음,해당없음,2022-04-24,2022-04-24,DOA,,폐기,Female,0년0월0일,36.39.158,126.43.459,42,,,논 앞 굴다리,충남 홍성군 홍북읍 산수리 14-2,도로변, - 차량과의 충돌,차량과의 충돌,,,,,"18,600","18,600",횡격막 탈장
2022-0533,고라니,포유강(Mammalia),소목,사슴과,해당없음,해당없음,해당없음,2022-04-28,2022-04-29,안락사,,폐기,Male,0년0월0일,36.38.397,126.39.532,62,,,인도 옆 철쭉군락 뒤,충남 홍성군 홍북읍 신경리 1862,도로변, - 차량과의 충돌,차량과의 충돌,,,,,"11,700","11,700","L6 골절, 골반골절"
2022-0535,고라니,포유강(Mammalia),소목,사슴과,해당없음,해당없음,해당없음,2022-04-29,2022-04-29,안락사,,폐기,Male,0년0월0일,36.32.138,126.41.071,38,,,주소지 도로변,충남 홍성군 홍동면 홍원리 1101-6,도로변, - 차량과의 충돌,차량과의 충돌,,,,,"15,020","15,020",L1~L2 골절
2022-0647,고라니,포유강(Mammalia),소목,사슴과,해당없음,해당없음,해당없음,2022-05-10,2022-05-10,안락사,,,Unknown,0년0월0일,36.36.424,126.32.509,36,,,도로변,충남 홍성군 갈산면 운곡리 534-3,도로변, - 차량과의 충돌,차량과의 충돌,,,,,"14,540","14,540",T13(14) 골절
2022-0671,고라니,포유강(Mammalia),소목,사슴과,해당없음,해당없음,해당없음,2022-05-11,2022-05-11,안락사,,폐기,Male,0년0월0일,36.35.597,126.33.396,18,,,도로변,충남 홍성군 갈산면 내갈리 349-17,도로변, - 차량과의 충돌,차량과의 충돌,,,,,"10,800","10,800","하악골절, 뇌진탕"
2022-0904,고라니,포유강(Mammalia),소목,사슴과,해당없음,해당없음,해당없음,2022-05-23,2022-05-23,안락사,,폐기,Unknown,0년0월0일,36.35.475,126.35.033,28,,,주소지 인근 도로상,충남 홍성군 갈산면 동산리 398-1,도로변, - 차량과의 충돌,차량과의 충돌,,,,,"17,160","17,160","L1골절, 좌우 완관절 열상"
2022-1311,고라니,포유강(Mammalia),소목,사슴과,해당없음,해당없음,해당없음,2022-06-17,2022-06-23,폐사,,폐기,Male,0년1월0일,36.34.193,126.41.383,41,,,주소지 인근 수로 내,충남 홍성군 홍동면 팔괘리 100,농경지, - 어미를 잃음(미아),어미를 잃음(미아),,,,,"1,804","1,616",단순 미아
2022-1324,고라니,포유강(Mammalia),소목,사슴과,해당없음,해당없음,해당없음,2022-06-20,2022-06-20,안락사,,폐기,Male,0년0월0일,36.35.533,126.38.300,77,,,도로변,충남 홍성군 홍성읍 월산리 526-9,도로변, - 차량과의 충돌,차량과의 충돌,,,,,"12,740","12,740","L1골절,우측 경비 부척골절"
2022-1431,고라니,포유강(Mammalia),소목,사슴과,해당없음,해당없음,해당없음,2022-06-27,2022-06-27,안락사,,폐기,Male,0년0월0일,36.35.134,126.38.089,66,,,도로변,충남 홍성군 홍성읍 옥암리 919,도로변, - 차량과의 충돌,차량과의 충돌,,,,,"14,480","14,480","우측 천골 골절, 좌측 고관절탈구"
2022-1432,고라니,포유강(Mammalia),소목,사슴과,해당없음,해당없음,해당없음,2022-06-27,2022-06-27,DOA,,폐기,Male,0년0월0일,36.36.169,126.39.213,46,,,컨테이너박스 뒤,충남 홍성군 홍성읍 소향리 83-2,도로변, - 차량과의 충돌,차량과의 충돌,,,,,"13,760","13,760","우측 경비골 개방골절, 심한감염"
2022-1480,고라니,포유강(Mammalia),소목,사슴과,해당없음,해당없음,해당없음,2022-06-30,2022-06-30,DOA,,폐기,Female,1년1월0일,36.35.179,126.44.473,75,,,주소지 밭과 도로 경계부 밭그물,충남 홍성군 금마면 월암리 775,농경지, - 인공구조물에 얽힘,인공구조물에 얽힘/밭그물 얽힘,,,,,"15,080","15,080",쇼크 추정
2022-1498,고라니,포유강(Mammalia),소목,사슴과,해당없음,해당없음,해당없음,2022-07-01,2022-07-06,폐사,,폐기,Female,0년0월0일,36.29.182,126.37.015,6,,,주소지 도로변 갓길,충남 홍성군 광천읍 옹암리 508-3,도로변, - 차량과의 충돌,차량과의 충돌,,,,,"16,620","16,620",좌측 부척골 개방골절
2022-1594,고라니,포유강(Mammalia),소목,사슴과,해당없음,해당없음,해당없음,2022-07-11,2022-07-11,방생,충남 홍성군 홍북면 상하리 104,,Unknown,0년0월0일,36.38.305,126.39.442,51,,,주소지 인근 천변,충남 홍성군 홍북읍 상하리 104-80,"강, 바다", - 인공구조물 침입·고립,"인공구조물 침입, 고립",,,,,0,0,단순 고립
2022-1622,고라니,포유강(Mammalia),소목,사슴과,해당없음,해당없음,해당없음,2022-07-13,2022-07-13,폐사체,,폐기,Male,0년0월0일,36.33.000,126.37.153,89,,,"주소지 부근 농경지, 산지 경계",충남 홍성군 구항면 대정리 78-1,농경지, - 알 수 없는 사고,알 수 없는 사고,,,,,0,0,확인불가
2022-1902,고라니,포유강(Mammalia),소목,사슴과,해당없음,해당없음,해당없음,2022-08-15,2022-08-16,DOA,,"냉동(구냉동창고)(성체고라니, 개선충너구리)",Female,0년0월0일,36.31.527,126.46.055,38,,,농경지,충남 홍성군 장곡면 무한로1439번길 13,농경지, - 인공구조물에 얽힘,인공구조물 얽힘/밭그물 얽힘,,,,,"16,860","16,860","가벼운 찰과상, 근육손상 추정"
2022-2032,고라니,포유강(Mammalia),소목,사슴과,해당없음,해당없음,해당없음,2022-09-09,2022-09-09,안락사,,"냉동(구냉동창고)(성체고라니, 개선충너구리)",Female,3년3월0일,36.36.307,126.40.346,40,,,주소지 내 도로상,충남 홍성군 홍성읍 내법리 374-4,도로변, - 차량과의 충돌,차량과의 충돌,,,,,"17,840","17,840",차량 충돌에 의한 양측 후지 개방 골절 및 우측 골반 골절
2022-2059,고라니,포유강(Mammalia),소목,사슴과,해당없음,해당없음,해당없음,2022-09-14,2022-09-14,DOA,,"냉동(구냉동창고)(성체고라니, 개선충너구리)",Female,0년0월0일,36.35.081,126.38.386,72,,,전원주택 주차장,충남 홍성군 홍성읍 옥암리 652,건물옆," - 개, 고양이 공격",개 공격,,,,,"7,740","7,740",다발성 견교상
2022-2156,고라니,포유강(Mammalia),소목,사슴과,해당없음,해당없음,해당없음,2022-10-11,2022-10-21,방생,충남 홍성군 홍성읍 월산리 625-5,,Male,0년0월0일,36.34.039,126.40.568,31,,,주소지내 1차선 도로상,충남 홍성군 홍성읍 송월리 76-3,도로변, - 차량과의 충돌,차량과의 충돌,,,,,"17,880","15,980","심한 뇌진탕, 좌안 안검 열상"
2022-2214,고라니,포유강(Mammalia),소목,사슴과,해당없음,해당없음,해당없음,2022-10-22,2022-10-22,방생,충남 홍성군 홍북면 내덕리 산14-3,,Unknown,1년0월0일,36.38.036,126.41.597,31,,,깨밭,충남 홍성군 홍북읍 내덕리 1-39,농경지, - 인공구조물에 얽힘,인공구조물에 얽힘/밭그물,,,,,0,0,밭그물 얽힘에 의한 탈진
2022-2267,고라니,포유강(Mammalia),소목,사슴과,해당없음,해당없음,해당없음,2022-11-04,2022-11-04,안락사,,"냉동(구냉동창고)(성체고라니, 개선충너구리)",Female,1년6월0일,36.36.310,126.42.087,26,,,도로변,충남 홍성군 금마면 신곡리 318-18,도로변, - 차량과의 충돌,차량과의 충돌,,,,,"14,820","14,820","차량 충돌에 의한 요추, 골반 골절, 고관절 탈구 및 앞발목관절 찰과상"
2022-2310,고라니,포유강(Mammalia),소목,사슴과,해당없음,해당없음,해당없음,2022-11-14,2022-11-14,안락사,,"냉동(구냉동창고)(성체고라니, 개선충너구리)",Female,1년5월0일,36.35.093,126.40.171,62,,,주소지 앞 도로,충남 홍성군 홍성읍 남장리 604,도로변, - 차량과의 충돌,차량과의 충돌,,,,,"13,580","13,580",차량 충돌에 의한 요추 골절 및 양측 완관절 노출
2022-2322,고라니,포유강(Mammalia),소목,사슴과,해당없음,해당없음,해당없음,2022-11-16,2022-11-16,안락사,,"냉동(구냉동창고)(성체고라니, 개선충너구리)",Female,0년0월0일,36.36.170,126.31.020,16,,,도로변,충남 홍성군 갈산면 오두리 1,도로변, - 차량과의 충돌,차량과의 충돌,,,,,"19,380","19,380","좌측 골반골절, 좌측 사타구니 열상"
2022-2328,고라니,포유강(Mammalia),소목,사슴과,해당없음,해당없음,해당없음,2022-11-17,2022-11-17,안락사,,"냉동(구냉동창고)(성체고라니, 개선충너구리)",Male,0년0월0일,36.34.250,126.32.138,0,,,주소지 내 밭 가장자리 가시관목 내,충남 홍성군 결성면 만해로497번길 76-23,농경지, - 차량과의 충돌,차량과의 충돌(추정),,,,,"11,920","11,920","척추 및 미추 골절에 의한 후지 불능, 둔부 양측 찰과상, 음낭 부종"
2022-2364,고라니,포유강(Mammalia),소목,사슴과,해당없음,해당없음,해당없음,2022-11-24,2022-11-24,안락사,,"냉동(구냉동창고)(성체고라니, 개선충너구리)",Male,0년0월0일,36.31.439,126.39.046,0,,,주소지 내 도로상,충남 홍성군 광천읍 월림리 401-3,도로변, - 차량과의 충돌,차량과의 충돌,,,,,"16,600","16,600","차량 충돌에 의한 L6 압박 골절 및 우측 경비 개방 골절, 좌측 고관절 탈구"
2022-2419,고라니,포유강(Mammalia),소목,사슴과,해당없음,해당없음,해당없음,2022-12-08,2022-12-08,안락사,,"냉동(구냉동창고)(성체고라니, 개선충너구리)",Male,0년0월0일,36.30.279,126.37.031,0,,,도로변,충남 홍성군 광천읍 신진리 335-2,도로변, - 차량과의 충돌,차량과의 충돌,,,,,"18,840","18,840",차량 충돌에 의한 L6 압박 골절
2022-2441,고라니,포유강(Mammalia),소목,사슴과,해당없음,해당없음,해당없음,2022-12-14,2022-12-14,안락사,,"냉동(구냉동창고)(성체고라니, 개선충너구리)",Female,0년0월0일,36.33.429,126.28.568,0,,,주소지 인근 도로변 녹지,충남 홍성군 서부면 어사리 357-3,도로변, - 차량과의 충돌,차량과의 충돌,,,,,"13,800","13,800",L6 골절
2022-2460,고라니,포유강(Mammalia),소목,사슴과,해당없음,해당없음,해당없음,2022-12-18,2022-12-18,안락사,,"냉동(구냉동창고)(성체고라니, 개선충너구리)",Unknown,0년0월0일,36.43.088,126.38.524,0,,,도로변,충남 홍성군 구항면 마온리 465,도로변, - 차량과의 충돌,차량과의 충돌/,,,,,"13,080","13,080",차량 충돌에 의한 요추 골절
2022-0345,너구리,포유강(Mammalia),식육목,개과,해당없음,해당없음,해당없음,2022-03-22,2022-03-24,폐사,,기타(협조),Male,0년0월0일,36.32.338,126.39.474,61,,,가정집 마당,충남 홍성군 홍동면 충서로 726번길 312,건물옆, - 기생충 중감염,기생충 중감염,,,,,"3,880","4,000","개선충 중감염, 심한 빈혈 탈수"
2022-0441,너구리,포유강(Mammalia),식육목,개과,해당없음,해당없음,해당없음,2022-04-14,2022-04-17,폐사,,"냉동(구냉동창고)(성체고라니, 개선충너구리)",Male,0년0월0일,36.38.599,126.41.081,29,,,홍성기상대 화단,충남 홍성군 홍북읍 홍예로 350,건물옆, - 기생충 중감염,기생충 중감염/개선충,,,,,"3,580","4,320",개선충 중감염
2022-1511,너구리,포유강(Mammalia),식육목,개과,해당없음,해당없음,해당없음,2022-07-03,2022-10-24,방생,충남 예산군 신양면 하천리 산104-1,,Male,0년0월0일,36.36.085,126.38.312,66,,,건물옆,충남 홍성군 홍성읍 월산리 539-1,건물옆, - 어미를 잃음(미아),어미를 잃음(미아),,,,,852,"4,280","개선충, 미아"
2022-1512,너구리,포유강(Mammalia),식육목,개과,해당없음,해당없음,해당없음,2022-07-03,2022-10-17,방생,충남 예산군 대술면 시산리 산 108,,Female,0년0월0일,36.36.085,126.38.312,66,,,건물옆,충남 홍성군 홍성읍 월산리 539-1,건물옆, - 어미를 잃음(미아),어미를 잃음(미아),,,,,684,"4,490","개선충, 좌이 소실"
2022-1653,너구리,포유강(Mammalia),식육목,개과,해당없음,해당없음,해당없음,2022-07-17,2022-10-24,방생,충남 예산군 신양면 하천리 259,,Male,0년0월0일,36.36.100,126.38.331,61,,,가정집 뒷편,충남 홍성군 홍성읍 월계1길 91-20,건물옆, - 기생충 중감염,기생충 중감염,,,,,840,"3,940",우측 외이 소실
2022-1654,너구리,포유강(Mammalia),식육목,개과,해당없음,해당없음,해당없음,2022-07-17,2022-07-17,안락사,,"냉동(구냉동창고)(성체고라니, 개선충너구리)",Female,0년0월0일,36.36.100,126.38.331,61,,,가정집 뒷편,충남 홍성군 홍성읍 월계1길 91-20,건물옆, - 기생충 중감염,기생충 중감염,,,,,700,700,양측 외이 소실
2022-1677,너구리,포유강(Mammalia),식육목,개과,해당없음,해당없음,해당없음,2022-07-19,2022-11-14,방생,충남 예산군 대흥면 갈신리 산 53,,Male,0년3월0일,36.36.097,126.38.315,63,,,"주소지 부근 농경지, 주택가 경계",충남 홍성군 홍성읍 월계1길 91-20,건물옆, - 기생충 중감염,기생충 중감염/개선충 감염,,,,,"1,452","4,650",개선충 중감염
2022-2199,너구리,포유강(Mammalia),식육목,개과,해당없음,해당없음,해당없음,2022-10-19,2022-10-19,안락사,,냉동(신냉동창고)(투입박스(일반)),Male,0년0월0일,36.38.570,126.39.587,46,,,주소지 인근 도로상,충남 홍성군 홍북읍 신경리 509-221,도로변, - 차량과의 충돌,차량과의 충돌 추정,,,,,"5,060","5,060","L7,S1골절, 우측 대퇴 골두 골절"
2022-2348,너구리,포유강(Mammalia),식육목,개과,해당없음,해당없음,해당없음,2022-11-20,2022-11-20,DOA,,"냉동(구냉동창고)(성체고라니, 개선충너구리)",Male,0년0월0일,36.37.371,126.38.274,0,,,도로변 풀숲,충남 홍성군 홍북읍 중계리 753,도로변, - 기생충 중감염,기생충 중감염/개선충 감염,,,,,"3,400","3,400","개선충중감염, 승저증"
2022-2365,너구리,포유강(Mammalia),식육목,개과,해당없음,해당없음,해당없음,2022-11-24,2022-11-24,폐사체,,냉동(신냉동창고)(투입박스(일반)),Male,0년0월0일,36.31.439,126.39.046,0,,,주소지 내 도로변,충남 홍성군 광천읍 월림리 401-3,도로변, - 차량과의 충돌,차량과의 충돌,,,,,"6,540","6,540",알 수 없음
